signal,label
0.10594977456727671,0.0
-0.04934901131564741,0.0
-0.3395180638755268,0.0
-0.10405139703228218,0.0
-0.16392269502867937,0.0
0.1902334059947312,0.0
-0.04850650907509545,0.0
0.2279566685702014,0.0
0.07216932216973444,0.0
0.2977490954510586,0.0
0.5189698014912921,0.0
0.48968476759715507,0.0
0.30436425797168926,0.0
0.23287835945232727,0.0
0.2095079982691441,0.0
0.19273652378867273,0.0
0.3902721564861819,0.0
0.3383193253974342,0.0
0.07977878331675503,0.0
0.3187193032789689,0.0
0.8314016216939525,0.0
0.583385484749662,0.0
0.501405258025297,0.0
0.3322531234035143,0.0
0.6461214983539905,0.0
0.8117112478915658,0.0
0.513634479160644,0.0
0.9206234446314981,0.0
0.7809333825365062,0.0
0.5432036240583807,0.0
0.9394504358671635,0.0
0.7675214157704162,0.0
0.535195524957956,0.0
0.9060610057081651,0.0
0.2994732265833552,0.0
0.6781292146001271,0.0
0.3986982465535521,0.0
0.8576086103783979,0.0
0.7573019752452511,0.0
0.933378715407122,0.0
0.998785554740858,0.0
0.35405764586233,0.0
0.5953351768027602,0.0
1.0358411214342667,0.0
0.5061776741611959,0.0
0.7635527723236679,0.0
0.3626114977933679,0.0
0.6752382234043982,0.0
0.5027846194026299,0.0
0.7260471725470041,0.0
0.9798953248439417,0.0
0.8611003614844164,0.0
0.728136682654658,0.0
0.7876592314997257,0.0
1.1429676148698138,0.0
0.8153096373192349,0.0
1.031663121695816,0.0
1.2691282236645678,0.0
0.9999665499056554,0.0
0.7807943404754095,0.0
1.226262482274813,0.0
0.7860551786091723,0.0
0.593523605708784,0.0
1.4031886577459125,0.0
0.7766770042156297,0.0
0.9150956701997837,0.0
1.067733822703196,0.0
1.1266968145396716,0.0
1.054872522594132,0.0
1.0560410620903642,0.0
0.9680691848078887,0.0
0.9539649002515699,0.0
0.8066976599813843,0.0
0.6208411801641961,0.0
0.9334631320074839,0.0
1.140512918127303,0.0
1.2597772556161322,0.0
1.2550306985426383,0.0
1.2326078962467633,0.0
0.38959281628724984,0.0
0.7199600317167132,0.0
1.4765696858008832,0.0
0.7154519027438718,0.0
1.1049078190661012,0.0
0.5665938343497255,0.0
1.2752692512779453,0.0
0.8402231833709479,0.0
1.1861790540737176,0.0
1.0052499997106263,0.0
0.8127768936649354,0.0
0.8341760134486502,0.0
0.8648955194876763,0.0
0.9650586740976473,0.0
1.154097192643032,0.0
0.8737195201389448,0.0
1.1836276710088431,0.0
1.1429178493962149,0.0
0.9832844118574364,0.0
1.459856298518772,0.0
0.9213269270899798,0.0
0.7473881895207793,0.0
0.9546827463219133,0.0
1.1600027038355543,0.0
0.9080900207232432,0.0
1.0021897818161654,0.0
0.6582683191590866,0.0
1.067929186361571,0.0
0.910341170287563,0.0
0.9126916461509601,0.0
0.7632857624194919,0.0
0.8571692390313725,0.0
0.791512301154912,0.0
0.7296862544459355,0.0
0.5757145010700779,0.0
0.6031919409869653,0.0
0.8915856806621478,0.0
0.5353356902364742,0.0
0.5064469774502323,0.0
0.7438369815733428,0.0
0.33197506542858074,0.0
0.6837859460631494,0.0
0.5824999269614375,0.0
0.8234866559579884,0.0
0.6520171511700832,0.0
0.48691510738100513,0.0
0.6815555867247867,0.0
0.5220466837536079,0.0
0.324125300418896,0.0
1.133525429160791,0.0
0.7413778130030657,0.0
0.7322971874058417,0.0
0.1765112252595658,0.0
0.5675827279891394,0.0
0.42570259514796405,0.0
0.6922078295693292,0.0
0.2255888989337763,0.0
0.5772401594274912,0.0
0.2242897085754144,0.0
0.05471258721878858,0.0
0.12405818304548244,0.0
0.6663546579046358,0.0
0.15716267783288107,0.0
-0.06445442727697798,0.0
0.5392068782264821,0.0
0.21378401781719145,0.0
0.42876096530248653,0.0
0.28341497366897084,0.0
0.13003474593232123,0.0
0.32305419733965457,0.0
-0.15963089200965147,0.0
0.45166012460423155,0.0
-0.1655690044355549,0.0
0.06628738523299116,0.0
0.21785354117419803,0.0
-0.04279988376124081,0.0
0.03540264099209527,0.0
0.21201654809674042,0.0
-0.1049327749709098,0.0
-0.0761690592923919,0.0
-0.08980156138881176,0.0
0.07574354052068945,0.0
0.0519945225063944,0.0
-0.13251456830333114,0.0
-0.38140752477142836,0.0
-0.27491168569941826,0.0
-0.05945338590523133,0.0
-0.32066044483583067,0.0
0.0043669282997536585,0.0
-0.3019532631779997,0.0
-0.1470576957692487,0.0
0.027666371428141934,0.0
-0.6102982862154042,0.0
-0.6056353855244527,0.0
-0.6401693347348616,0.0
-0.2658834406997092,0.0
-0.6618580542382424,0.0
-0.22917307767600076,0.0
-0.24529155144112177,0.0
-0.07581397024853193,0.0
-0.42576770259157504,0.0
-0.29360425039245697,0.0
-0.4673934344936293,0.0
-0.47319590339177114,0.0
-0.5463598918380224,0.0
-0.9723181142557856,0.0
-0.418678062471433,0.0
-0.410281039261943,0.0
-0.6726283770259492,0.0
-0.5285018370494798,0.0
-0.6361130372951822,0.0
-0.3627739666595315,0.0
-0.9772632621356834,0.0
-0.6655084467158747,0.0
-0.7264535960237783,0.0
-0.7361448507492868,0.0
-0.7502654639716345,0.0
-0.6328895910486566,0.0
-0.8664416810500986,0.0
-1.0884470707257008,0.0
-0.9841410354475691,0.0
-0.7957154493929287,0.0
-0.5831169557977489,0.0
-0.8161438842920234,0.0
-0.904707929083369,0.0
-0.9407949838897697,0.0
-0.5817453732578141,0.0
-0.7489983768927462,0.0
-0.7444042073695646,0.0
-0.634811396050838,0.0
-0.7133637673791304,0.0
-0.49717558132991374,0.0
-0.8848021969040452,0.0
-0.6857770923815161,0.0
-0.884414437551594,0.0
-0.7545262649871185,0.0
-1.0437069179929124,0.0
-0.7824291241385484,0.0
-0.8528843662341956,0.0
-0.7170632116147992,0.0
-0.8658422967762531,0.0
-0.8146500278226037,0.0
-1.093542697429813,0.0
-0.7165324803743942,0.0
-0.6667717022919007,0.0
-1.167175094143075,0.0
-0.9830472932125739,0.0
-1.193844207125324,0.0
-0.9772384294865216,0.0
-1.315966580073931,0.0
-0.9468659964004418,0.0
-0.8504345407472782,0.0
-1.2213314669331368,0.0
-1.2676507028142359,0.0
-0.968522512557528,0.0
-0.9681086874846584,0.0
-1.424673512370996,0.0
-0.8221567669148075,0.0
-0.9762661561743481,0.0
-0.7168299864630423,0.0
-0.9510650226181213,0.0
-0.8113970500960619,0.0
-0.932027815076837,0.0
-1.1383331108688644,0.0
-1.0950158761087785,0.0
-1.1214619236257264,0.0
-0.9978940853977155,0.0
-0.8606513974167345,0.0
-1.0010248899696672,0.0
-0.8429921623091171,0.0
-0.6980325155253677,0.0
-0.9648201820047811,0.0
-0.9523280440915058,0.0
-1.114659690376284,0.0
-1.3377269618419607,0.0
-1.0862244216732921,0.0
-0.8750872731409857,0.0
-1.0095083933103222,0.0
-1.246174863889114,0.0
-1.044808395148322,0.0
-1.138650438762772,0.0
-0.8198233617051253,0.0
-0.624254229543909,0.0
-0.9715069297847629,0.0
-0.9894805375732872,0.0
-0.5181728828647831,0.0
-0.9006189126248706,0.0
-0.5336235262912237,0.0
-0.697250400925286,0.0
-1.0913137890067188,0.0
-0.7943472111765663,0.0
-0.8589514478975707,0.0
-0.9091840512242487,0.0
-0.39015741316556896,0.0
-0.8327377014568567,0.0
-0.4337613085082677,0.0
-0.8362023132851212,0.0
-0.7456594805560893,0.0
-0.9233516856955082,0.0
-0.5249208540224619,0.0
-0.8915640931075165,0.0
-0.8450773258256337,0.0
-0.6687535366416697,0.0
-0.2949720502556178,0.0
-0.7447014546480184,0.0
-0.5350821746182535,0.0
-0.3081555893714256,0.0
-0.9308727043953282,0.0
-0.6745594464359872,0.0
-0.46816099725228655,0.0
-0.14572868071067008,0.0
-0.1408064086007561,0.0
-0.34649530206530343,0.0
-0.5859577398131061,0.0
-0.5260384817268386,0.0
-0.022959274497988236,0.0
0.08337643760611979,0.0
-0.111872711684051,0.0
-0.033211934001321775,0.0
-0.1632953949005815,0.0
-0.03844030874758192,0.0
-0.3414424048916554,0.0
-0.1409826110881412,0.0
0.15482263201846186,0.0
-0.12146928362334931,0.0
-0.2102297821339701,0.0
-0.06541028093511586,0.0
-0.3719139355734034,0.0
0.1404415278400563,0.0
-0.39001983766851855,0.0
-0.3445505629460457,0.0
-0.10810478448342069,0.0
-0.252452453254932,0.0
-0.48610726160373474,0.0
-0.18597457345593574,0.0
-0.1024621599051916,0.0
0.011822294768388343,0.0
0.0005860160583194898,0.0
-0.1106709363567745,0.0
-0.14336822882365846,0.0
-0.1471946242232584,0.0
0.11456085861540188,0.0
-0.042591767594557906,0.0
-0.10268641080113194,0.0
0.37159287986329914,0.0
0.32962956528209997,0.0
0.369837291762082,0.0
0.3555032671828555,0.0
0.11462622615389209,0.0
0.0828790861082413,0.0
0.15018465752553334,0.0
0.5159183898035739,0.0
0.06444434693608492,0.0
0.19654982702269713,0.0
0.23987400696021635,0.0
0.2702925342743071,0.0
0.3826822026796042,0.0
0.6744807377001288,0.0
0.4579327528357027,0.0
0.5008300993571276,0.0
0.5184091714169425,0.0
0.21647876218773132,0.0
0.3619317825897582,0.0
0.5744876842830493,0.0
0.7338460003161965,0.0
0.5737959302038138,0.0
0.31834677965767794,0.0
0.35392574333053284,0.0
0.5685389515112671,0.0
0.5778552430308153,0.0
0.5051440349908831,0.0
0.4936378386478083,0.0
0.46295837927535666,0.0
0.7094546812082458,0.0
1.0856551255191027,0.0
0.9187281345871521,0.0
0.7300277948050693,0.0
0.28983747632812074,0.0
0.8180259338205277,0.0
0.5673128973627986,0.0
0.584723146794998,0.0
1.050631348156756,0.0
0.47273419362198754,0.0
0.9227816598498859,0.0
0.8964977034880496,0.0
0.54472594210149,0.0
1.0960086079888458,0.0
0.5076704793753981,0.0
0.9039943222370714,0.0
0.627662175022714,0.0
0.7426007516089883,0.0
1.1133139243419927,0.0
0.5765156922392431,0.0
0.8449114729617061,0.0
0.8780494466346751,0.0
1.3178410696268634,0.0
0.8836672041694449,0.0
0.5746168071681638,0.0
1.0907636177148583,0.0
0.5558865976590535,0.0
1.0459656609606158,0.0
1.2657024146035853,0.0
1.0405011090445393,0.0
0.8817667795573412,0.0
0.47213253353689877,0.0
1.0566935077106678,0.0
1.0387519638020055,0.0
0.8438525007728769,0.0
0.8918670981522867,0.0
0.9305007475533006,0.0
0.8761138611272508,0.0
0.6901450582458116,0.0
0.9436822085191181,0.0
0.8804469647086998,0.0
1.1393783365685062,0.0
1.203862099619717,0.0
0.8455799940996495,0.0
1.124161944567306,0.0
1.2614810154953602,0.0
0.9919323894379588,0.0
1.017261150490789,0.0
1.093575134559599,0.0
1.3745333045853,0.0
1.0365415889345557,0.0
1.014930683945532,0.0
1.0976665762482851,0.0
0.8523375335105917,0.0
0.8428897214813375,0.0
0.6658872860836017,0.0
1.2837611355851641,0.0
0.9983947955819682,0.0
0.356908193283187,0.0
1.1405251887133039,0.0
0.9209768578478749,0.0
0.9514266048534434,0.0
0.8629109346209722,0.0
0.8283075422783573,0.0
0.9210224425835551,0.0
0.6306855768435669,0.0
0.8305693481896823,0.0
0.7395030515963676,0.0
0.6389062061271082,0.0
0.5914415492391533,0.0
0.8433851051885461,0.0
0.931211676401094,0.0
0.5795654873441097,0.0
0.6961320234683336,0.0
1.054115941420958,0.0
0.840970044047886,0.0
0.6563010426115659,0.0
0.7677253613648417,0.0
0.32197561546218967,0.0
0.594222514761481,0.0
0.8664119631364995,0.0
0.9691529489464812,0.0
0.6845272720248008,0.0
0.6649827806975824,0.0
0.9756460080998814,0.0
1.0558974263678182,0.0
0.4880485319431778,0.0
0.3137256245882225,0.0
0.47991581291152696,0.0
0.8019046426488632,0.0
0.4310035876141496,0.0
0.5933924549114967,0.0
0.7209183181651352,0.0
0.2026180396916511,0.0
0.6785125848875789,0.0
0.39786863329364813,0.0
0.28009104600319823,0.0
0.671710622052349,0.0
0.5637113334569247,0.0
0.45404808984739914,0.0
0.43073695145994073,0.0
0.548848760417928,0.0
-0.16895843973018776,0.0
0.6268561652256586,0.0
0.22561176577449904,0.0
0.0929641194166616,0.0
0.04496386763396615,0.0
0.39616550321401145,0.0
-0.060517134093824504,0.0
0.12541652618274174,0.0
0.31105756122881667,0.0
0.0009769549362338148,0.0
0.1860677026170617,0.0
-0.03797723659997165,0.0
0.21380975690566778,0.0
0.2628187209012246,0.0
0.015577749157147394,0.0
-0.22690125045887985,0.0
0.007017001405762446,0.0
0.285218556067143,0.0
-0.3601355444774583,0.0
0.16056199711922853,0.0
-0.02776548814571802,0.0
-0.1973508717657231,0.0
-0.13232655885451639,0.0
-0.05038316091778375,0.0
-0.14382002951155765,0.0
-0.2835370087871205,0.0
-0.05500437748995608,0.0
-0.04596864365072442,0.0
-0.3324302669654511,0.0
-0.4877469823941621,0.0
-0.26767791278038344,0.0
-0.39165292129488877,0.0
-0.6754592073771926,0.0
-0.4162250062165685,0.0
-0.7828166003600592,0.0
-0.6606043341698362,0.0
-0.8002322408393683,0.0
-0.16789061509365316,0.0
-0.3816357704628715,0.0
-0.23524261073023928,0.0
-0.47859717574320765,0.0
-0.43660875742891503,0.0
-0.6366338857490984,0.0
-0.5507687828517558,0.0
-0.5684324550684744,0.0
-0.4200425673578906,0.0
-0.3647647765683849,0.0
-0.5068570084067662,0.0
0.08670057344558613,0.0
-0.4844366288465091,0.0
-0.8175672761299388,0.0
-0.4011453162468277,0.0
-0.8900318072442619,0.0
-0.590015692327604,0.0
-0.5648565420452227,0.0
-0.5995637777072997,0.0
-0.9599937825053521,0.0
-0.7126771067017923,0.0
-0.7991163742583027,0.0
-0.4413669742087496,0.0
-0.9403550086348073,0.0
-0.5969525430284913,0.0
-0.6288740548128067,0.0
-0.3988037706785936,0.0
-0.8118841982490279,0.0
-0.7620862887667268,0.0
-0.7355693922717003,0.0
-0.6955522856411567,0.0
-1.0512995948784778,0.0
-1.055558487746601,0.0
-0.6769961400680102,0.0
-1.1653421220416385,0.0
-1.0631668091084163,0.0
-0.9514651438121817,0.0
-0.8136567859007522,0.0
-1.2616444694328584,0.0
-1.0215277067117523,0.0
-0.6744684933068661,0.0
-1.281279727396931,0.0
-0.64713315826433,0.0
-0.8320601088009876,0.0
-0.8876002889741158,0.0
-1.093716122979164,0.0
-0.7721185536262388,0.0
-0.9204822160352879,0.0
-0.8750931295146738,0.0
-0.8026787527289106,0.0
-0.9168468625606245,0.0
-0.8722865519342141,0.0
-0.855198781918016,0.0
-1.3100494371697335,0.0
-1.1594408175773663,0.0
-0.9819188541609438,0.0
-0.9706783080614473,0.0
-1.045967783305736,0.0
-1.01585388141016,0.0
-1.2518636189266923,0.0
-1.0129007746439838,0.0
-0.783377295618242,0.0
-0.956484831576033,0.0
-1.2880370160616141,0.0
-1.010611039646706,0.0
-0.9738141501397309,0.0
-0.8124010100345656,0.0
-0.8911272626632977,0.0
-0.982052388557889,0.0
-0.9096444635680218,0.0
-0.8989918607670011,0.0
-0.9513753644607701,0.0
-0.8192898423573073,0.0
-0.8521369772341161,0.0
-1.041651651720633,0.0
-0.8432258844339586,0.0
-1.1494443550719593,0.0
-0.7437638043076016,0.0
-0.9059585584578227,0.0
-0.9122303931357963,0.0
-1.099158635081569,0.0
-0.65320417228918,0.0
-1.0076648221398044,0.0
-0.871840075966052,0.0
-0.8935600955677805,0.0
-1.0949901314659671,0.0
-0.6344643949767427,0.0
-0.8770130262585163,0.0
-0.8972974977246783,0.0
-0.8455537260334578,0.0
-1.0994581395935192,0.0
-0.7727322226671132,0.0
-1.0052097865965872,0.0
-0.8164893739312286,0.0
-1.0684895240016936,0.0
-0.8787838441782685,0.0
-0.8432491062761596,0.0
-0.7284055702727671,0.0
-0.6369017833130809,0.0
-0.5259692710155894,0.0
-0.9441601997291628,0.0
-0.5292658764741184,0.0
-0.880974481733971,0.0
-0.7017900670817555,0.0
-0.673921540009827,0.0
-0.3055167531307952,0.0
-0.63024230799849,0.0
-0.7444955093458056,0.0
-0.5658634251088088,0.0
-0.6023296771658019,0.0
-0.1057831336571311,0.0
-0.42986774166005703,0.0
-0.568370047243466,0.0
-0.314545909037815,0.0
-0.056085213010554635,0.0
-0.2904845645009557,0.0
-0.484682328403831,0.0
-0.21111493172959706,0.0
-0.32545251597195646,0.0
-0.7256300618619328,0.0
-0.5746117466065632,0.0
-0.520975359662343,0.0
-0.25518412260148493,0.0
-0.1839574903236294,0.0
-0.17038066097712373,0.0
-0.2825662875677651,0.0
-0.5061771323611801,0.0
0.15390726103123492,0.0
0.07065120027305136,0.0
-0.10710103820365702,0.0
-0.3050344912688257,0.0
-0.23128347871532567,0.0
-0.10112194440810174,0.0
0.359800266829193,0.0
-0.06666998746882974,0.0
-0.2892252094813918,0.0
-0.16881458767752658,0.0
-0.11057158537315631,0.0
-0.05875275366926033,0.0
0.20942626164322076,0.0
0.18227763063084435,0.0
-0.15009846014376696,0.0
0.10147957637920123,0.0
-0.14936265691741024,0.0
0.029170373152615017,0.0
-0.059248604089739726,0.0
0.0043129322644921975,0.0
0.1810600667328053,0.0
0.36159030808406945,0.0
0.6988107669558359,0.0
-0.1693613091088491,0.0
0.6374960966678873,0.0
0.3821599644871093,0.0
0.4417972342261044,0.0
0.7853289372648493,0.0
-0.03995981467930565,0.0
0.8432899058855561,0.0
0.47508119728486997,0.0
0.39921752582618236,0.0
0.18385052640504132,0.0
0.2890506486166675,0.0
0.05908346922914004,0.0
0.5243155042777423,0.0
0.5185945713716974,0.0
0.5876890364367144,0.0
0.24011929375703178,0.0
0.45427697938330236,0.0
0.8288694271657171,0.0
0.3960354383780887,0.0
0.5515442444717897,0.0
0.5371395053757776,0.0
0.6406147033532091,0.0
0.20728212042916733,0.0
0.8331701702000192,0.0
0.6889907753194777,0.0
0.5136167289281921,0.0
0.6225907386646297,0.0
0.5196837806569982,0.0
0.7636555004020488,0.0
0.710069294490818,0.0
1.0889810064248289,0.0
0.590311311893507,0.0
1.0705439383040591,0.0
0.6126074996502706,0.0
1.1488125786368184,0.0
0.621076056012661,0.0
1.2056463518590377,0.0
0.67973574043172,0.0
0.6922620049597763,0.0
0.6789978358260166,0.0
0.9421975498123603,0.0
0.577215921990907,0.0
0.7952525405030005,0.0
0.9863251005191953,0.0
1.1005995934946637,0.0
1.2530747757429133,0.0
1.1954515286681746,0.0
0.7547258709469937,0.0
1.1781882535891688,0.0
1.039344792774735,0.0
1.1634489937894843,0.0
0.781815996370959,0.0
0.9845075803350753,0.0
0.8475446485507598,0.0
1.2185192509861797,0.0
0.6039806403592083,0.0
1.0270853880984898,0.0
1.0813344105226232,0.0
1.1036909364690437,0.0
1.1036328046082835,0.0
0.5533277305515598,0.0
1.0877897946448007,0.0
1.0892499646389113,0.0
1.0469187166282419,0.0
1.09858098921022,0.0
1.0488982071613238,0.0
0.7218851303562268,0.0
0.9280837318341876,0.0
1.0935330460182207,0.0
0.7447445368101739,0.0
0.9828906923453254,0.0
0.527900029247663,0.0
1.374671614421474,0.0
1.0549435386470654,0.0
1.06801889841662,0.0
1.2915765509134913,0.0
0.8623782821000601,0.0
1.0131644040637926,0.0
0.7594206845896863,0.0
0.9855480242556696,0.0
1.4072752239685973,0.0
0.9555724216467877,0.0
0.7212738547165143,0.0
0.5814653987004736,0.0
0.8555394567099533,0.0
0.5814479401961052,0.0
0.9011225695293418,0.0
0.8399769080775942,0.0
0.5629564007346242,0.0
0.9653679294810533,0.0
1.049418212161223,0.0
1.1103884674368758,0.0
1.1294085327614065,0.0
0.7560620624800782,0.0
0.8004877272090848,0.0
0.6263069988592109,0.0
1.0435860268882222,0.0
0.5863304344050417,0.0
0.5419109790083645,0.0
0.8393724874687969,0.0
0.6266903471277037,0.0
0.798320292283672,0.0
0.6655541321475997,0.0
0.9916014486202308,0.0
0.867949021756553,0.0
0.41489078593437706,0.0
0.8124830704632566,0.0
0.4425486406562952,0.0
0.7716470340091659,0.0
0.6198499606373445,0.0
0.3754751415300361,0.0
1.043639230383509,0.0
0.9041027781365796,0.0
0.456324442699822,0.0
0.7899777319853916,0.0
0.7312507911133233,0.0
0.6114103537408685,0.0
0.6933197262710376,0.0
0.21545233602776104,0.0
0.5328880114185416,0.0
0.14846626627745374,0.0
0.7653976154711951,0.0
0.7024160270614386,0.0
0.17060428884657428,0.0
0.2638412977190536,0.0
0.2727657814435933,0.0
0.4076220126247081,0.0
0.27372987542652555,0.0
0.3137224132932668,0.0
0.12031970153015231,0.0
0.37848818400898143,0.0
0.3375776278184587,0.0
0.5024920040934597,0.0
0.31838888696484,0.0
0.13036012217040022,0.0
0.14614592143724467,0.0
0.1722776958323851,0.0
-0.01625347082398207,0.0
0.35017036121637823,0.0
0.11201314504447658,0.0
-0.0810018352068001,0.0
-0.14572108073588566,0.0
-0.02326045019056043,0.0
-0.12012285784812504,0.0
0.1327444539972199,0.0
-0.22957386183789852,0.0
-0.039390437121307166,0.0
-0.25000223032165386,0.0
-0.17621213342702624,0.0
-0.2771367288511865,0.0
0.002285462174628175,0.0
0.10322406337205989,0.0
0.1816462921724753,0.0
-0.3516682557744672,0.0
-0.0039799558616098185,0.0
-0.4577240544064939,0.0
0.02741821604844505,0.0
-0.3174087544313873,0.0
-0.27326195671758424,0.0
-0.34062649812415813,0.0
-0.3796837734432086,0.0
-0.8122009970708449,0.0
-0.3134368292724399,0.0
-0.4568363994852451,0.0
-0.4659609588908179,0.0
-0.7159044850277814,0.0
0.012140475428788877,0.0
-0.26439815195073313,0.0
-0.655370249193606,0.0
-0.7587711571609657,0.0
-0.39742998408075725,0.0
-0.12999228777441996,0.0
-0.8156581474750626,0.0
-0.601999339002593,0.0
-0.27050106929536966,0.0
-0.6184203363285379,0.0
-0.45245376455902164,0.0
-0.7030465645843327,0.0
-0.37186575088470003,0.0
-0.7033254499689331,0.0
-0.5710729723062268,0.0
-0.7020865106627696,0.0
-0.6665048583284896,0.0
-0.2519529946566284,0.0
-0.5139084837166021,0.0
-0.9153741884542298,0.0
-0.8395103892850093,0.0
-0.8155544609974433,0.0
-0.8515528355784973,0.0
-1.096809545996521,0.0
-0.755636972167668,0.0
-1.26810057832299,0.0
-0.6144132812008676,0.0
-0.9424200202612287,0.0
-0.7096292845131869,0.0
-0.8535200279083792,0.0
-1.2027584596517553,0.0
-0.8338040079628503,0.0
-1.0622299812572635,0.0
-0.8616383509512799,0.0
-1.0428152494539253,0.0
-1.1231421730020958,0.0
-0.8258799686707827,0.0
-1.2749004261499834,0.0
-0.9021537687186101,0.0
-0.851761736921096,0.0
-0.8166763997925544,0.0
-0.8248656656155584,0.0
-1.041307720134638,0.0
-1.1053867072422277,0.0
-0.8545392207569086,0.0
-0.9191628092478459,0.0
-0.9499561829238514,0.0
-1.2602136199738754,0.0
-0.9639473280024115,0.0
-1.0312444288099596,0.0
-1.130693545080034,0.0
-1.1647767005937997,0.0
-0.9454880515697193,0.0
-1.1127249573391769,0.0
-0.9228883972514825,0.0
-1.008954162752197,0.0
-1.1863602537784737,0.0
-0.9379018430199608,0.0
-1.0358004866386876,0.0
-0.9894066139556263,0.0
-0.9476016313366721,0.0
-1.1428194315513618,0.0
-0.7212825548017019,0.0
-1.1130077351656975,0.0
-0.8795572403995054,0.0
-0.8953771227071786,0.0
-0.6345122135691427,0.0
-1.0004303216266195,0.0
-0.6220633195130405,0.0
-0.9994718470332689,0.0
-0.8233002207553379,0.0
-1.1664273685025865,0.0
-0.756743564060092,0.0
-1.1464455571192858,0.0
-1.0880084859916945,0.0
-1.1360747445177772,0.0
-1.0355598925629823,0.0
-0.9340517381727564,0.0
-1.1234863883259565,0.0
-0.7492366551967911,0.0
-1.0600715645270056,0.0
-0.9477879743454192,0.0
-0.6157182126504652,0.0
-1.1415368568132949,0.0
-1.1521585748651002,0.0
-0.8370809298991196,0.0
-0.36552827164739427,0.0
-0.5908319065367409,0.0
-0.6660857881929838,0.0
-0.77243359932411,0.0
-0.8230585105379031,0.0
-0.6570491636976585,0.0
-0.7137519250726388,0.0
-0.8665956788372146,0.0
-0.4147952857034656,0.0
-0.612987789087394,0.0
-0.9108284330420324,0.0
-0.7636036743987462,0.0
-0.7092681673976096,0.0
-0.5708930099470828,0.0
-0.5933886518857446,0.0
-0.6798142873134371,0.0
-0.6813473875542163,0.0
-0.9610834266877178,0.0
-0.46518585217358865,0.0
-0.6414059361011845,0.0
-0.8940428259507605,0.0
-0.3871219163891826,0.0
-0.3575620255903219,0.0
-0.6693079761145247,0.0
-0.3866084454165568,0.0
-0.2902691400645126,0.0
0.05237771924678192,0.0
-0.18040596342655107,0.0
-0.17758823138105717,0.0
-0.6679121662038003,0.0
-0.6290457728484996,0.0
-0.309751956404465,0.0
-0.2830072752665976,0.0
-0.013820241381324427,0.0
-0.05379649187695068,0.0
-0.4866786770186454,0.0
-0.3884594877419334,0.0
0.20324025094346843,0.0
-0.13599261249478165,0.0
-0.35894355464045963,0.0
-0.15209542819528055,0.0
-0.43627140655743735,0.0
-0.6013761072136562,0.0
-0.3351907042786133,0.0
0.12566775120258855,0.0
0.04722206543697394,0.0
-0.2225044134897151,0.0
0.17013544503300282,0.0
-0.23452815529191845,0.0
0.1078306360714651,0.0
2.596490307166764e-05,0.0
0.17419641557204113,0.0
-0.005653368587754705,0.0
-0.18263346079930393,0.0
0.18466902066187166,0.0
-0.17232186999157895,0.0
0.45629142382050936,0.0
0.24296286000349807,0.0
0.05520667027918885,0.0
0.1817549859740481,0.0
0.5043340765947827,0.0
0.20268656662597445,0.0
-0.03498217491874192,0.0
0.17144148245531232,0.0
0.4952438369922937,0.0
-0.031677535064536244,0.0
0.4636834910105204,0.0
0.2727499788378253,0.0
0.31147189312136114,0.0
0.11942946202407778,0.0
0.2795347313525798,0.0
0.014262834091166077,0.0
0.334352244899904,0.0
0.3997365648415452,0.0
0.4543897825162882,0.0
0.5276062973593348,0.0
0.6555468540956083,0.0
0.7309206562224861,0.0
-0.0008640821417162936,0.0
0.9966228844423212,0.0
0.8767655388299227,0.0
0.7969399937726345,0.0
0.5521853401873325,0.0
0.6371234356489026,0.0
0.38918576121518067,0.0
1.0274381161436565,0.0
0.5717301605369886,0.0
0.4062368659099605,0.0
0.915085442144451,0.0
1.1171564478970606,0.0
0.6570123570757631,0.0
0.6687112147685027,0.0
0.964798037220832,0.0
0.4129687036112102,0.0
0.9457583970176189,0.0
0.8314505074526127,0.0
0.6730815610358473,0.0
0.8991806741490482,0.0
0.578399254450009,0.0
0.6585861945071619,0.0
1.132129503599531,0.0
0.7599951218294893,0.0
0.8827144089038151,0.0
0.39946403974316597,0.0
1.0246925278946035,0.0
1.223183014932631,0.0
1.1206275935746393,0.0
1.3378284512029084,0.0
0.7968786125490231,0.0
0.8997004722135911,0.0
1.024287448953466,0.0
1.0762429049168143,0.0
0.7966710767978542,0.0
0.7593329098749058,0.0
0.48900082860454874,0.0
0.9584579898396467,0.0
1.0390257847683515,0.0
0.737858822452008,0.0
0.8506774734182693,0.0
1.084629861295132,0.0
0.9425706064643188,0.0
0.7822134703654154,0.0
1.027874167904269,0.0
0.8827424430816482,0.0
0.7175342137307488,0.0
0.7933704961055966,0.0
1.1457730648797242,0.0
0.910670516637369,0.0
1.3270846319488783,0.0
0.7973266778627884,0.0
0.8300923475956067,0.0
0.8344778044639142,0.0
1.2943236759315941,0.0
0.8453783251041449,0.0
1.3648262377063558,0.0
1.216385262294635,0.0
0.7374708401573479,0.0
1.0245741282439227,0.0
0.9650328160781817,0.0
1.2615032992760944,0.0
1.0176808582347505,0.0
0.4709954278706844,0.0
1.0937686991546962,0.0
0.8794856954767887,0.0
0.6767265578198496,0.0
0.725536397994953,0.0
0.9558785079692511,0.0
0.9352184759386849,0.0
1.0721470590886872,0.0
0.9288493265560435,0.0
1.1409776380606864,0.0
0.9109412483748472,0.0
1.054971820160799,0.0
0.847160435994049,0.0
0.9362856887750646,0.0
1.0346632361334598,0.0
0.8741200698672132,0.0
0.8575214193245161,0.0
1.1512493246583733,0.0
0.5142860188611904,0.0
0.607604327251749,0.0
1.0787687500810865,0.0
0.6760420655583133,0.0
0.8311859126729277,0.0
0.6753647154626604,0.0
0.3522847835148115,0.0
0.638225576757337,0.0
0.8586277747580469,0.0
0.611643404171982,0.0
0.669073052458421,0.0
0.6319820363847569,0.0
0.37854072366884195,0.0
0.2702526367127302,0.0
0.5440393945109441,0.0
0.694140781371745,0.0
0.7821829553813023,0.0
0.7826046536736988,0.0
0.9183914413843709,0.0
0.19562382488352326,0.0
0.6194139630945587,0.0
0.3780911062442747,0.0
0.5522022754833926,0.0
-0.09595539759712535,0.0
0.36389688292517053,0.0
0.4796656714055529,0.0
0.28183460916804215,0.0
0.0851777867763342,0.0
0.6713495618876788,0.0
0.08263195178068367,0.0
0.23671051575808832,0.0
0.5155735379161845,0.0
0.35211337811751936,0.0
0.1015120587805576,0.0
0.15941781672673194,0.0
0.44571844821082524,0.0
0.23418077966171294,0.0
0.2548167174861827,0.0
0.35983454383540203,0.0
0.26302254318833085,0.0
0.19132970396893006,0.0
-0.010104161263359834,0.0
0.34766055568836574,0.0
0.051735596941408474,0.0
0.346293349314408,0.0
0.39340706858533664,0.0
-0.04323340059943141,0.0
0.22027144932739953,0.0
-0.06302264459560378,0.0
0.27343013053495846,0.0
-0.2587401037597938,0.0
-0.1890808343958092,0.0
-0.061539075568635374,0.0
-0.05491546631200305,0.0
0.18804506724650358,0.0
0.025113766457602826,0.0
-0.18091957199860276,0.0
0.055693662282260664,0.0
0.10345434122907099,0.0
-0.08076545900980275,0.0
-0.07176501145413242,0.0
-0.2897096179029436,0.0
-0.5564440551541426,0.0
-0.42118074769706876,0.0
-0.19458164202811443,0.0
-0.5083752917375348,0.0
-0.45511009955499077,0.0
-0.2616085385983938,0.0
-0.35682377521168673,0.0
-0.5597192092595158,0.0
-0.5343258863667482,0.0
-0.5557651412769972,0.0
-0.5206244013362028,0.0
-0.5161801231547167,0.0
-0.3395073697644193,0.0
-0.4063119230105214,0.0
-0.5258050254423515,0.0
-0.652432231539872,0.0
-0.42978462799453354,0.0
-0.49817567018002573,0.0
-0.6576885733101219,0.0
-0.5855995847039716,0.0
-0.7846096515507536,0.0
-0.6184975358804321,0.0
-0.6269091348387383,0.0
-0.44899999171841654,0.0
-1.0187706727339139,0.0
-0.5877503104634527,0.0
-0.9503005203051863,0.0
-0.8782502878445266,0.0
-0.9274554254235597,0.0
-0.5702033308846233,0.0
-0.38427731814764343,0.0
-0.9432615901426525,0.0
-0.7192337602592921,0.0
-0.8886483472242858,0.0
-1.2227188334431682,0.0
-0.9175561116562769,0.0
-0.913903016217769,0.0
-0.9015440129211172,0.0
-0.8135831263778143,0.0
-1.131457597533624,0.0
-0.7005789709789099,0.0
-0.7572567860258206,0.0
-1.0685052647689623,0.0
-0.8070098582017557,0.0
-0.8294257883683975,0.0
-0.8582467289527191,0.0
-1.2513731660907663,0.0
-0.9864028370171227,0.0
-0.7123572123383035,0.0
-0.6224151872923852,0.0
-1.03113284253073,0.0
-0.9674507377436953,0.0
-0.7308748451063188,0.0
-0.9544450526596105,0.0
-0.5705787187694418,0.0
-1.2056055840535425,0.0
-0.6686377366668907,0.0
-1.1737004318394522,0.0
-0.8315562818542913,0.0
-1.0828860682220216,0.0
-0.8032257474183371,0.0
-0.9785128593345056,0.0
-0.6622619026875527,0.0
-0.7635331832713779,0.0
-0.882495247108181,0.0
-1.2061282673204936,0.0
-1.149830976488275,0.0
-0.6627718135042263,0.0
-0.9289155883276373,0.0
-1.2484163983665733,0.0
-0.9000625474708277,0.0
-0.7910681491477387,0.0
-0.8529630020959236,0.0
-0.6632512905389898,0.0
-0.9000447157925041,0.0
-1.2351634736486679,0.0
-0.9947445165511211,0.0
-0.9262259241687176,0.0
-0.9187819777859372,0.0
-0.6742452276297499,0.0
-0.3508825002084074,0.0
-0.9054208764513321,0.0
-1.2277162027088169,0.0
-1.0136328525364953,0.0
-0.6376369318578665,0.0
-0.8220426770770604,0.0
-0.9948621310725558,0.0
-0.8284795784620166,0.0
-0.8506251648307511,0.0
-1.3896930495849582,0.0
-1.2341427237175986,0.0
-0.6699197753634568,0.0
-1.1473583353032752,0.0
-0.6263753762574737,0.0
-0.914792233086354,0.0
-0.742958314871468,0.0
-1.0811918114834005,0.0
-0.8499516857085866,0.0
-0.9460234459464253,0.0
-0.7324588073807867,0.0
-0.6628701166731504,0.0
-0.3254235994328344,0.0
-0.9841653639719308,0.0
-0.7039597629431062,0.0
-0.74432695717774,0.0
-0.5876341318148857,0.0
-0.807077844832869,0.0
-0.7134779944991689,0.0
-0.4682408496604613,0.0
-0.732656553095107,0.0
-0.8252934184481853,0.0
-0.44302252700921485,0.0
-0.4139968351030219,0.0
-0.29542440386367685,0.0
-0.4510736169380823,0.0
-0.6976271100001842,0.0
-0.5863372995774285,0.0
-1.0100747824951666,0.0
-0.6503353981342287,0.0
0.03646387865044515,0.0
-0.6883791344044184,0.0
-0.6250835495697504,0.0
-0.15853854555802738,0.0
0.046861688004655344,0.0
-0.49492570941648506,0.0
-0.4318556133641352,0.0
-0.2843084389414111,0.0
-0.30014180754562264,0.0
-0.47572181592243407,0.0
-0.4975474344859268,0.0
-0.14426169782890635,0.0
-0.2138875772843357,0.0
-0.1779000689184021,0.0
-0.1996763221640246,0.0
-0.09654219029936792,0.0
-0.049871631052243764,0.0
-0.24158661694223993,0.0
0.018128647364170178,0.0
0.11826874913969199,0.0
0.016566621128666137,0.0
0.09826082315926822,0.0
-0.010967007728124686,0.0
0.08950746874621261,0.0
0.3095297761930477,0.0
0.4887790594969584,0.0
0.005366142115560309,0.0
-0.029452173441758295,0.0
0.3444860685744009,0.0
0.12004823886308001,0.0
0.301161727258734,0.0
0.4666924665033182,0.0
-0.15295263278751065,0.0
-0.05302658639671129,0.0
0.24125741848587356,0.0
0.7367498748890973,0.0
0.43944241412487856,0.0
0.513754451750765,0.0
0.5806941078138295,0.0
0.13754136526783914,0.0
0.25991270572678765,0.0
0.9231147648383682,0.0
0.44880139890349,0.0
0.413852189639913,0.0
0.10812179959978935,0.0
0.7251287687885055,0.0
0.70595716578469,0.0
0.613785609031434,0.0
0.33304703445324846,0.0
0.46385438675009866,0.0
0.7737437305208239,0.0
0.668510439580945,0.0
0.8068676752383805,0.0
0.4688891015973442,0.0
0.5454248766002937,0.0
0.6651293630037147,0.0
0.49261750180232605,0.0
0.3996169521519022,0.0
0.6250433012896123,0.0
1.0932586720582609,0.0
0.46004677657515225,0.0
0.5943437233789493,0.0
0.7404826245794065,0.0
0.9444183471446413,0.0
0.7055106722695331,0.0
0.7547674390040531,0.0
1.0237641994896198,0.0
1.0283546443511917,0.0
0.87908369898015,0.0
0.9834419741589641,0.0
0.4759414508222795,0.0
0.8793036696802595,0.0
0.690312329960572,0.0
1.161786057909964,0.0
1.0315137154243628,0.0
0.9381649440320063,0.0
1.1837395379096711,0.0
0.8233525453501371,0.0
1.2349921378954154,0.0
1.0018328659901181,0.0
1.2298760047790551,0.0
0.9168160749954233,0.0
0.8687238078858848,0.0
0.6028440785395681,0.0
0.8920267913927244,0.0
1.1879711251523266,0.0
1.0473504377613436,0.0
0.7472976740139444,0.0
1.0331967536358735,0.0
0.9743963381565661,0.0
0.5371731808194931,0.0
1.0352832490057202,0.0
0.766696633689131,0.0
0.8547667172417003,0.0
0.5771121737194169,0.0
0.956899499499402,0.0
1.025260560837583,0.0
0.776060788430657,0.0
1.2800893753511668,0.0
1.083103676600471,0.0
1.2865226224229667,0.0
1.023966742546666,0.0
0.7751835163278271,0.0
1.1419226728807907,0.0
0.885808869904171,0.0
0.49672893712014565,0.0
1.0904521441607729,0.0
1.2330825904128957,0.0
0.8980497378783732,0.0
0.6185852661887423,0.0
0.9194224214763042,0.0
1.190225755566665,0.0
0.5400286309137067,0.0
0.9163046549281209,0.0
0.8737270215224919,0.0
0.8570011018621748,0.0
1.2366160281197476,0.0
1.0797448656806643,0.0
1.0368182020250043,0.0
0.8923985273725193,0.0
1.3619158528559674,0.0
1.1270118626820953,0.0
1.2641919417379541,0.0
0.9875349732887625,0.0
1.172120196636501,0.0
0.9995773558044659,0.0
0.7370987041138987,0.0
0.7603879617260318,0.0
0.9813830658670768,0.0
1.0808947956203006,0.0
0.5986072676169211,0.0
0.7454077267494542,0.0
0.9209067059710032,0.0
0.9531112068671197,0.0
0.8759468983212584,0.0
0.663084715024323,0.0
0.9006615616441853,0.0
0.7540250629773566,0.0
0.9822825800633084,0.0
0.8441081706031339,0.0
0.8671954929248331,0.0
0.7254737355292994,0.0
0.6472115223918941,0.0
0.8830690327906981,0.0
0.7606571097455812,0.0
0.3697166322567844,0.0
0.691855965433788,0.0
0.7755102214946408,0.0
0.5917465532307322,0.0
0.5678329128751143,0.0
0.6030775618804256,0.0
0.6930885905912202,0.0
0.4745386672380627,0.0
0.3186905700233713,0.0
0.7239078111629119,0.0
0.45287843380541415,0.0
0.9580507072060565,0.0
0.6282172938281484,0.0
0.4852078288846412,0.0
0.22725196051940513,0.0
0.8520659237442001,0.0
0.44459780168442165,0.0
0.2507898026534514,0.0
0.11758957027786116,0.0
0.25636459143086043,0.0
0.4229266308949068,0.0
0.11928336253249339,0.0
0.21073419112207176,0.0
0.06655735023228235,0.0
0.6833985052413107,0.0
0.6150647191428,0.0
0.16821465106558042,0.0
-0.18519090482722508,0.0
0.17866569423778683,0.0
0.0701730156375389,0.0
0.32660554706530903,0.0
-0.240315066577999,0.0
-0.17582577861665533,0.0
-0.052498203531673296,0.0
-0.031189949034685478,0.0
0.2514936323095527,0.0
0.10764349795441056,0.0
-0.05914376514573204,0.0
-0.24745752677192012,0.0
0.28708205392036057,0.0
-0.13844559275214163,0.0
-0.6196373063759487,0.0
0.16163899081000668,0.0
-0.03400731694872583,0.0
-0.27831389981770227,0.0
-0.1740279965466963,0.0
-0.23110593835375204,0.0
0.006925968311088576,0.0
-0.4117929292300708,0.0
-0.08502949392615053,0.0
-0.4609743367431076,0.0
-0.26811823132000834,0.0
-0.33167710854127413,0.0
-0.6429214239233363,0.0
-0.39753276625127126,0.0
-0.26391574913575455,0.0
-0.4738470141998348,0.0
-0.2133896563922546,0.0
-0.3477550458921585,0.0
-0.6228137481375662,0.0
-0.6149985273142395,0.0
-0.5391993357527941,0.0
-0.6962400863265615,0.0
-0.39995017576023956,0.0
-0.35158518976650366,0.0
-0.5983703141159753,0.0
-0.2513752282726124,0.0
-0.7082541356978919,0.0
-0.4007873939683585,0.0
-0.5428841054224182,0.0
-0.8078977308706745,0.0
-0.5660769235561465,0.0
-0.532752551063882,0.0
-0.8741550600042056,0.0
-0.6686446478347162,0.0
-0.796838983032627,0.0
-0.6500747446133016,0.0
-0.9477856854254636,0.0
-1.1787229920117699,0.0
-0.961549226621364,0.0
-0.667685295459163,0.0
-0.6275899052399575,0.0
-0.4559540357118331,0.0
-0.7442497242916949,0.0
-0.9417395171119238,0.0
-0.7836084759852437,0.0
-0.5529745779663657,0.0
-0.9931189160353772,0.0
-0.6851113987646593,0.0
-0.24712302483205673,0.0
-0.5856705423341124,0.0
-0.8469319400566936,0.0
-0.7626961789805731,0.0
-0.8230529475237216,0.0
-0.693018552446409,0.0
-0.9139366551785937,0.0
-1.0180795772126767,0.0
-1.0567229462420975,0.0
-0.937756726136894,0.0
-0.9009388958308582,0.0
-0.9959792426106975,0.0
-1.3264617547518878,0.0
-0.9240222367447953,0.0
-0.9773415452526023,0.0
-1.1035118902492382,0.0
-0.7725590809978251,0.0
-0.9900019893936368,0.0
-0.6838939457912218,0.0
-1.0843876221870314,0.0
-1.1496907533269394,0.0
-1.3007119168187984,0.0
-0.9795264338436953,0.0
-1.0855585653317663,0.0
-0.9466668964081134,0.0
-1.166255324689477,0.0
-1.2920481329488598,0.0
-0.7752768745057453,0.0
-1.1153200617136005,0.0
-0.5963680905227174,0.0
-1.1063793307424519,0.0
-1.1250225723432874,0.0
-0.6092461617707257,0.0
-1.0920284398148083,0.0
-0.9134704344554613,0.0
-1.0810313944041028,0.0
-0.568817492455151,0.0
-0.9058123893340106,0.0
-0.9092858788705922,0.0
-0.9274510466445868,0.0
-1.1290532689627875,0.0
-0.8936129585067287,0.0
-0.8856071126121685,0.0
-0.5973638506331049,0.0
-0.808083169853082,0.0
-0.6962999210151857,0.0
-1.0886474867177642,0.0
-0.9891043460310485,0.0
-0.792768376940375,0.0
-1.0077185598790894,0.0
-0.7729839352917292,0.0
-1.0257829862530472,0.0
-1.1216116062978139,0.0
-0.8783945057194888,0.0
-0.6530851088526994,0.0
-0.9653806695884729,0.0
-0.7869105442313095,0.0
-0.8594797079419195,0.0
-0.8324035032323082,0.0
-0.9049707520782954,0.0
-1.026381901090783,0.0
-0.7173377157314755,0.0
-1.0638755404511127,0.0
-0.43600945400905883,0.0
-0.42729997200524944,0.0
-0.9585811150550971,0.0
-0.8263836962405902,0.0
-0.9211121276109081,0.0
-0.9621628156138472,0.0
-0.36555749160663675,0.0
-0.5279787419651374,0.0
-0.6051259466909353,0.0
-0.79051154707857,0.0
-0.6165332665089056,0.0
-0.6317127331097637,0.0
-0.4367419745568793,0.0
-0.8317985404571344,0.0
-0.6243000066394748,0.0
-0.5745353349583329,0.0
-0.5083142889912168,0.0
-0.5680038864932224,0.0
-0.2851329611711597,0.0
-0.09495090659640787,0.0
-0.23085739099615038,0.0
-0.42589950678750127,0.0
-0.41341653895780206,0.0
-0.32737910413447474,0.0
-0.4108637161947968,0.0
-0.4702614555452063,0.0
-0.2194341210428623,0.0
-0.4608398058024461,0.0
-0.30421530511515105,0.0
-0.3568687836897372,0.0
-0.6239441802480129,0.0
0.01899683599058538,0.0
-0.07621187720066315,0.0
-0.4389134506912252,0.0
-0.4943776363783411,0.0
-0.03934930910658056,0.0
-0.1344897960362473,0.0
-0.07308828007510054,0.0
-0.31368819723015934,0.0
-0.3051918847371309,0.0
-0.05666594837013518,0.0
-0.06184811323567448,0.0
-0.0903308702767463,0.0
0.45912957727238296,0.0
0.11083704618557981,0.0
0.08294199978058894,0.0
0.3284662418836459,0.0
0.3871006774352623,0.0
-0.10100377605749794,0.0
-0.09307656461582084,0.0
0.07823985803681993,0.0
0.23593337944997717,0.0
0.17518032318595972,0.0
0.23984135747312846,0.0
0.20796455619378926,0.0
0.20128084825542386,0.0
0.26769185119049443,0.0
0.39024662644402663,0.0
0.2598582597928916,0.0
0.614896109815313,0.0
0.3443381930888243,0.0
0.8279613670984534,0.0
0.16246074363142052,0.0
0.521459531776581,0.0
0.43096117000750583,0.0
0.5803196453517007,0.0
0.35226580616842984,0.0
0.13670454380290287,0.0
0.6114730170261916,0.0
0.508899843224854,0.0
0.624446633073315,0.0
0.6471807400627126,0.0
0.3218337267872039,0.0
0.3296014921662305,0.0
0.4273649043598512,0.0
0.5742117156084487,0.0
0.6779367941242535,0.0
0.6081209480995954,0.0
0.7817209359142593,0.0
1.060552549822797,0.0
0.9878465595524538,0.0
0.6867138690030135,0.0
0.8470682195327164,0.0
0.7773797562533624,0.0
1.0573939979806593,0.0
0.5974193258950334,0.0
0.9254330714003781,0.0
0.9730412056892186,0.0
0.4992886618524315,0.0
0.7117584695945839,0.0
1.3974547507897974,0.0
0.6887565568482148,0.0
0.5472264428031464,0.0
0.7592580654617257,0.0
0.3445709148459154,0.0
0.7790330069655357,0.0
1.026568433915099,0.0
0.8727697031740468,0.0
0.5107757265386701,0.0
1.193131814678102,0.0
1.1775900280380256,0.0
0.5743011385815233,0.0
0.621669912359167,0.0
1.4283388783474735,0.0
0.8434898661265611,0.0
0.7156139276345853,0.0
0.8919862748614878,0.0
1.1917078744519713,0.0
1.15895394757507,0.0
1.0772165653631107,0.0
0.9534019051859306,0.0
1.0441799972422006,0.0
1.3381521920831003,0.0
1.0914462648232217,0.0
0.9111455028965382,0.0
1.1502026627230495,0.0
1.0224950835045534,0.0
1.055985714719064,0.0
0.8715567623156858,0.0
1.0441016108796488,0.0
1.1796735105119722,0.0
1.1649388399513647,0.0
0.8362564135685078,0.0
0.8301591572523097,0.0
0.6740506639525247,0.0
0.8558906532025014,0.0
1.2608789521784756,0.0
1.1002878027581835,0.0
1.3381131181055035,0.0
1.26775839641127,0.0
0.977159403550722,0.0
1.0074272484399318,0.0
0.8850997628842305,0.0
0.844938993748147,0.0
0.8371060448018773,0.0
0.9454703643642826,0.0
1.1118839285246533,0.0
0.9912136046385908,0.0
1.340030217359172,0.0
0.7883738246137333,0.0
0.8781812405229081,0.0
0.7621630164210468,0.0
1.024668925550624,0.0
0.9693611901746871,0.0
0.2671955672019426,0.0
0.976758863572821,0.0
0.5753611677409082,0.0
0.5931917887692026,0.0
1.1249019427052571,0.0
1.2788470792919318,0.0
1.0165961095192166,0.0
0.9058531472862245,0.0
0.6358476383378853,0.0
0.6184727055718328,0.0
0.8799143812814233,0.0
0.7699418266146383,0.0
0.9512118176123817,0.0
0.4600682759373076,0.0
0.7222791341647129,0.0
0.5434553767745945,0.0
0.5755979962256463,0.0
0.46681029987485223,0.0
0.7157134419551259,0.0
1.1536008285902613,0.0
0.5424934106580355,0.0
0.7873928098345246,0.0
0.6081835627892048,0.0
1.1436313905405795,0.0
0.7448244392150929,0.0
0.7139925803758812,0.0
0.7851880513674923,0.0
0.5372340729137679,0.0
0.24433168868301203,0.0
0.68763889076131,0.0
0.472404758900885,0.0
0.3973293838719094,0.0
0.5966334829555118,0.0
0.4098289042235291,0.0
0.3392812676265583,0.0
0.3324579969613778,0.0
0.30176089642754134,0.0
0.43472122360732013,0.0
0.2267074844095731,0.0
0.3439369612163527,0.0
0.2343223694639125,0.0
0.5425341779012955,0.0
0.2708870510119053,0.0
-0.0102101094370039,0.0
0.5652644660781416,0.0
0.08988235226370879,0.0
-0.013787926752442559,0.0
0.20263746926291704,0.0
0.26369170732349867,0.0
0.23799826487139233,0.0
0.38779514072678317,0.0
0.04118306236010756,0.0
-0.19744539754629753,0.0
-0.015662092276342996,0.0
-0.055916558035998466,0.0
0.13123273329197177,0.0
-0.29437976536018845,0.0
0.03523223605671202,0.0
-0.14530052694115456,0.0
-0.13116367797169423,0.0
-0.15713957824543925,0.0
-0.24386393992781358,0.0
-0.1237463034917293,0.0
-0.23933147502216426,0.0
-0.2823569786493648,0.0
0.05252358597983556,0.0
-0.5270632063456646,0.0
-0.5799011602263477,0.0
-0.3107520025701671,0.0
-0.4206671516877833,0.0
-0.3817078689735304,0.0
-0.282578157967149,0.0
-0.4425390839087665,0.0
-0.7997205329799142,0.0
0.009635297643516394,0.0
-0.6672169701953132,0.0
-0.5605476137142371,0.0
-1.0214290346916999,0.0
-0.1842240524848242,0.0
-0.6315155516831609,0.0
-0.5482322758329199,0.0
-0.6311540747884712,0.0
-0.5420886974192546,0.0
-0.44153702452024896,0.0
-0.7281594813999677,0.0
-0.5586657552208191,0.0
-0.4978200957922032,0.0
-0.47809109321385146,0.0
-0.5042998218858138,0.0
-0.7135687225134784,0.0
-0.8190442693474036,0.0
-0.7085605322910722,0.0
-0.7346646623965537,0.0
-0.2921274024938599,0.0
-0.8353854990378218,0.0
-0.48299170401524205,0.0
-0.9858022102667676,0.0
-0.6042245173488072,0.0
-0.2992491385695867,0.0
-0.665155967522086,0.0
-1.0601359745522567,0.0
-0.7089441933134856,0.0
-0.5958694981555392,0.0
-0.3694182329287643,0.0
-1.1104495361189652,0.0
-0.9068639436377464,0.0
-1.0827694720927639,0.0
-0.7491572456593613,0.0
-1.0481162638143884,0.0
-0.7591630089790262,0.0
-0.5970424071322924,0.0
-0.9272662758932737,0.0
-0.8721912238265119,0.0
-0.8723093602107852,0.0
-0.8769201444529197,0.0
-0.9065564416352867,0.0
-0.9470981017858096,0.0
-0.8356884296592272,0.0
-0.7927434707528936,0.0
-0.7604666829549448,0.0
-0.7861507164595517,0.0
-1.0877847314232014,0.0
-0.8174243830129014,0.0
-1.211767439045715,0.0
-1.1147642639453716,0.0
-1.2224594197430823,0.0
-0.6970302861699424,0.0
-1.3360237819261664,0.0
-1.1668218544003583,0.0
-1.0411256996149547,0.0
-1.2219581177349206,0.0
-1.296893458968038,0.0
-1.1217132969583603,0.0
-1.0099465995771737,0.0
-1.194198761255304,0.0
-1.3212420398856297,0.0
-0.5495860366068207,0.0
-1.1935381170177535,0.0
-1.0698954732078112,0.0
-1.114030254498653,0.0
-0.873685581379378,0.0
-1.041657950972029,0.0
-0.8555027984997624,0.0
-1.0058447462012887,0.0
-0.7160865590691565,0.0
-1.0109446611044535,0.0
-1.2958975187688762,0.0
-0.8164998405664503,0.0
-1.0480502559008764,0.0
-0.8732164641521724,0.0
-0.6829209183286986,0.0
-1.0086191752069504,0.0
-0.840033618124305,0.0
-0.724696196777808,0.0
-0.7107425425878138,0.0
-0.8747019815664181,0.0
-0.9354173627143333,0.0
-0.9226778677805418,0.0
-0.9211260864473396,0.0
-0.9718699739062852,0.0
-0.8617510029483992,0.0
-0.8095165126259298,0.0
-0.9683883737368205,0.0
-0.7844361043722063,0.0
-0.8248748046217724,0.0
-0.9495721531930095,0.0
-0.926419363528521,0.0
-0.5227710038904962,0.0
-0.408596508909688,0.0
-0.9086240094131474,0.0
-0.7215788271492496,0.0
-0.562328818876332,0.0
-0.8031220513792353,0.0
-0.5226924989350009,0.0
-0.837569841532007,0.0
-0.7013454870432582,0.0
-0.5784657298625142,0.0
-0.6654624290693936,0.0
-0.431247000171587,0.0
-0.4005205377583606,0.0
-0.6381257648898604,0.0
-0.26986568993614607,0.0
-0.7895185063018921,0.0
-0.3403104927625465,0.0
-0.5178360016873398,0.0
-0.3930380154253454,0.0
-0.6301943232912992,0.0
-0.7340856463378541,0.0
-0.2373792213965918,0.0
-0.3083533312741531,0.0
-0.7853458868197605,0.0
-0.41968925163209614,0.0
0.29845484135610795,0.0
-0.31001473617146413,0.0
-0.2425272141170225,0.0
-0.14659253987253032,0.0
-0.11202765981880025,0.0
-0.15081778183785285,0.0
-0.0999970740421614,0.0
-0.019298488319612783,0.0
-0.3724402005209415,0.0
-0.06780477618127478,0.0
-0.06765133635867646,0.0
-0.16049462852375102,0.0
0.10423265344773777,0.0
-0.08037357881736809,0.0
-0.05934465889038095,0.0
-0.18783021224379504,0.0
-0.21633964722708626,0.0
0.01655783363185942,0.0
-0.05590367315553339,0.0
0.3429398510890425,0.0
0.10489206840105499,0.0
-0.2871619906224051,0.0
0.0813231524151262,0.0
-0.05324309929199611,0.0
0.37001979907821425,0.0
0.3378796579241702,0.0
0.016642822729350137,0.0
-0.286902633834483,0.0
0.14156545418033128,0.0
0.6003913041923096,0.0
0.13908803021061408,0.0
0.13414415751648473,0.0
0.19676702801451768,0.0
0.021915910129866933,0.0
0.33469875723396975,0.0
0.304901056715513,0.0
0.497580389256865,0.0
0.713406330096291,0.0
0.25066486459968695,0.0
0.7159964545722198,0.0
0.4324272295422595,0.0
0.3703523506053184,0.0
0.7555739136565511,0.0
0.8644688312093609,0.0
0.4052862475383365,0.0
0.65437449418618,0.0
0.6997557142123062,0.0
0.3456572193006803,0.0
0.4270093756148252,0.0
0.44048490309662475,0.0
0.8490786170995464,0.0
0.6809054498233299,0.0
0.26831280396044566,0.0
0.5774517905980618,0.0
0.6823867255264843,0.0
0.7368496851077434,0.0
0.7972627171224537,0.0
0.2101951708127746,0.0
0.6415734497662254,0.0
0.6874736458202967,0.0
0.3909913582517355,0.0
0.7851376834733154,0.0
1.0477712714519483,0.0
0.8049449864664737,0.0
0.8289678516987036,0.0
1.1654807386662482,0.0
1.0787173825322967,0.0
0.6469929550880391,0.0
1.1505012081649508,0.0
0.7179439400358589,0.0
0.6887642655101389,0.0
0.9087597286991227,0.0
0.7694773739349517,0.0
0.8606660331515793,0.0
0.8844159843509594,0.0
0.9074545633856997,0.0
1.0903247005382093,0.0
0.8154630633107567,0.0
1.1546402486464482,0.0
0.7652585215448544,0.0
0.6204355829075705,0.0
0.7966005925642254,0.0
0.8141624806607577,0.0
1.2435414456930898,0.0
0.9796451119092155,0.0
0.7992987787177908,0.0
0.8922295149089834,0.0
0.9638009549886337,0.0
0.9007015796591819,0.0
0.8107151820687574,0.0
1.0718351649117923,0.0
0.8016996922883199,0.0
0.8647710328785754,0.0
1.2340263499162267,0.0
1.1128999053750386,0.0
0.868749430596428,0.0
0.8547322928454795,0.0
0.8988214817320512,0.0
0.8123546963892938,0.0
1.0460037133743172,0.0
1.3245811598692128,0.0
0.8594922625456356,0.0
0.9100432284873714,0.0
0.8879022025541886,0.0
0.7617654203888194,0.0
0.9548525892620155,0.0
0.951923601570729,0.0
0.7119388597831673,0.0
0.6400855364774565,0.0
0.9655462827505704,0.0
0.9263013901821576,0.0
0.8303439452571699,0.0
1.2513714665607194,0.0
0.9769086639516127,0.0
1.281733925858521,0.0
0.9549967707023608,0.0
1.003209162287073,0.0
1.1035363338394335,0.0
1.0785011031666976,0.0
0.7091222926448895,0.0
0.8857165056246643,0.0
1.1290522941299668,0.0
0.9739025160532401,0.0
1.301512768422664,0.0
0.8743453224086881,0.0
0.6373076933286301,0.0
0.6474822275263502,0.0
1.430051740125465,0.0
0.873152561157549,0.0
0.7987461185465177,0.0
0.7821637955065727,0.0
0.9930801896987713,0.0
0.7694769309305952,0.0
0.7881454947836236,0.0
0.7740623291941863,1.0
-0.18114550453529754,1.0
-0.6880511028293227,1.0
0.19191787979520575,1.0
-0.00039771431714545613,1.0
-1.112149302523322,1.0
-0.5105472636454794,1.0
-0.573947719741622,1.0
0.6358723241899671,1.0
0.13534653334217556,1.0
0.886666387381272,1.0
-0.6623042252876026,1.0
0.5603341088523105,1.0
1.4793518969187693,1.0
-0.22588718184204704,1.0
0.45472869856933645,1.0
0.7799273366265789,1.0
-0.039027994738900396,1.0
0.39255695445475003,1.0
0.7341025000089749,1.0
1.3440797420081174,1.0
0.6276625365078892,1.0
0.16600460141349538,1.0
-0.26929602722322665,1.0
0.8441277669125746,1.0
-0.2435164539589575,1.0
1.1750240576442637,1.0
2.2919568868614637,1.0
0.07245268915300912,1.0
0.35517564839032556,1.0
1.2597553657631861,1.0
0.40341592826986283,1.0
-0.5532732742595994,1.0
-0.131447604263761,1.0
-0.1767585174572568,1.0
2.009703973304213,1.0
0.07702865954659233,1.0
0.6665489306172078,1.0
0.6570836214710926,1.0
0.825233446407407,1.0
1.2577396172526671,1.0
0.5308091882648286,1.0
0.9838691271789438,1.0
-0.0028471885427027166,1.0
1.0206477510922225,1.0
0.9695611724969364,1.0
2.064842994365953,1.0
1.3844394601396297,1.0
1.0658518513295079,1.0
0.5308561040442106,1.0
1.4463953354507408,1.0
0.8025949836504492,1.0
1.4432820253873613,1.0
-0.18138516549894812,1.0
1.2422270010833834,1.0
0.5615884949342104,1.0
1.9264383243981673,1.0
2.1357309668878486,1.0
1.5815722214036272,1.0
1.3479629874242334,1.0
2.229201099842478,1.0
1.34326712252676,1.0
0.2291311955831975,1.0
1.0374511542793496,1.0
1.4212751917895856,1.0
0.8887022542627332,1.0
1.0370150586934623,1.0
1.7933758687835426,1.0
1.9484884387941794,1.0
1.2380838936094298,1.0
0.886209264751801,1.0
1.5438204038718855,1.0
1.3183990748372738,1.0
0.28006659472786577,1.0
0.9141209925932705,1.0
0.7521595062300558,1.0
1.895932906002682,1.0
0.8527957702220748,1.0
0.47597119300218826,1.0
1.4555959455766359,1.0
1.3723059142423994,1.0
1.5003688324905475,1.0
0.7203745113196709,1.0
-0.05764415049349092,1.0
0.6789765683216753,1.0
0.802357026379103,1.0
1.4756719961740679,1.0
0.9737211414787322,1.0
0.7414694409643918,1.0
-0.01703859686846465,1.0
1.1662178802227314,1.0
0.9763514456279556,1.0
0.9599891081422313,1.0
-0.15972020261866904,1.0
1.8471085927752542,1.0
-0.035811322638781395,1.0
1.0956500073218152,1.0
1.0265575978722772,1.0
0.7077154617603101,1.0
-0.41065834303859294,1.0
1.0536849925405818,1.0
0.8240378093295282,1.0
0.9039125475028781,1.0
1.8917897558830754,1.0
0.6230134283585381,1.0
1.8627883002958763,1.0
2.32289993077846,1.0
2.2559653611560297,1.0
0.8659392787354565,1.0
-0.31956887071697326,1.0
1.7286370353341582,1.0
1.4102077154082124,1.0
-0.01676304184009081,1.0
0.1185096662177747,1.0
-0.20988208169313904,1.0
1.0840749856885241,1.0
0.5914497701984749,1.0
0.272107356278014,1.0
0.4309442859309176,1.0
0.01963734170623732,1.0
0.4434138566373402,1.0
0.14652005542088142,1.0
0.3952571850610093,1.0
0.2032385577301868,1.0
0.4319548059257087,1.0
1.0920920847597737,1.0
0.6985996332870936,1.0
0.6882593883128524,1.0
0.01685447841105181,1.0
0.4344255509759449,1.0
1.3518442280138085,1.0
0.9000271456641086,1.0
0.0013832040665917034,1.0
0.823923659628549,1.0
1.3772128979267775,1.0
0.8277582008941229,1.0
-0.5803443975963051,1.0
0.5939061024398893,1.0
1.2531825095288494,1.0
0.6493447736633016,1.0
0.535390981364695,1.0
-0.04255204229654114,1.0
0.18565986425805053,1.0
-0.4940568842800712,1.0
0.44380763834914383,1.0
0.3410710313383647,1.0
-0.769819656974714,1.0
1.5870998272267547,1.0
-0.016597720586250586,1.0
-0.19854981182930642,1.0
0.7841202793716536,1.0
0.13371944177389655,1.0
0.00045081580423447787,1.0
0.240905649693699,1.0
0.3873736354099605,1.0
0.20459721159970495,1.0
-0.8699549548834588,1.0
-0.8294199237113041,1.0
-0.9612956542472718,1.0
0.7084966858321428,1.0
-0.9150510335558357,1.0
-0.16291261171964833,1.0
-0.3544458662467819,1.0
0.525575051620233,1.0
-0.024394207976679738,1.0
0.056301690396808685,1.0
0.08097281090222555,1.0
-0.6323027995191908,1.0
-0.20207777497649979,1.0
-0.501966654060278,1.0
-0.7011214377250401,1.0
-0.677055836470785,1.0
-0.5636079891577794,1.0
-0.5418663702153379,1.0
0.6668383926655161,1.0
-0.25276787592982886,1.0
0.1258849534787128,1.0
0.31747374174398746,1.0
-0.06115927552049505,1.0
0.39443640084055626,1.0
-0.3589026285407019,1.0
-0.7142068556648922,1.0
-0.8623276187344817,1.0
-0.893963931440497,1.0
-1.390509005096992,1.0
-0.22220346974428384,1.0
-0.28547989319829264,1.0
-1.1890574608052358,1.0
0.5469232647553043,1.0
-0.5407989733477264,1.0
-0.4794119019241284,1.0
-0.4989766671945073,1.0
-0.05757919812833989,1.0
0.8051692683945011,1.0
-0.8636738800938082,1.0
-0.5598154941515048,1.0
0.5514096089424176,1.0
-0.7973599912756291,1.0
-1.4302990543710714,1.0
-0.34042086586962633,1.0
-1.264072405832705,1.0
-1.1614900219759219,1.0
-0.7300338900140423,1.0
-0.3422776551271593,1.0
-1.6464433064308674,1.0
-1.4788175356349054,1.0
-0.705672156747944,1.0
-0.8215532594531039,1.0
-0.5061867348115658,1.0
-1.178057765444116,1.0
-1.5213109736035029,1.0
-1.9079352665027285,1.0
-1.0141875377175982,1.0
-1.860956075993966,1.0
-0.48949565961142266,1.0
-1.036511451331645,1.0
-1.7581885099364478,1.0
-0.21478293313646257,1.0
-1.1067014779158433,1.0
-1.3921392472499892,1.0
-1.0561967388321274,1.0
-1.6204939128744944,1.0
-0.688082318149244,1.0
-0.17647927152313425,1.0
-1.0101021572929412,1.0
-0.015103580173756459,1.0
-1.142899389709855,1.0
-1.5552939830817634,1.0
-1.7504610324593766,1.0
-0.27224698849799067,1.0
-1.1043144061838845,1.0
-0.7571875846221526,1.0
-0.850252678341092,1.0
-1.4412952841839075,1.0
-1.0152973763392203,1.0
-0.6138717230072838,1.0
-1.1997623725350701,1.0
-0.5320334744247674,1.0
-1.0284884936410998,1.0
-1.248153623969003,1.0
-0.6825310278353864,1.0
-1.769588907117655,1.0
-0.3418255750919137,1.0
-1.8423983793644512,1.0
-0.8206668114097114,1.0
-0.9966958443184156,1.0
-0.914733444894906,1.0
-1.4286441156485639,1.0
-0.05108854179543576,1.0
-1.657139449834911,1.0
-0.9365809589244926,1.0
-1.4882049011629324,1.0
-1.574361628281146,1.0
-0.5875004176243859,1.0
-1.4403598284182855,1.0
-0.8886118724043784,1.0
0.5582733819194896,1.0
-1.261484752261734,1.0
-1.3176338174557207,1.0
-1.9714379018416053,1.0
-2.02450141316743,1.0
-0.08065657648465385,1.0
-0.3563908912046295,1.0
-0.1052133915143093,1.0
-1.1697746655235666,1.0
-0.6417557467210099,1.0
-1.5024421451004741,1.0
-0.7772920223803733,1.0
0.03820711048310366,1.0
-1.497505558611285,1.0
-0.2998825834560395,1.0
-1.384626859797096,1.0
-0.9139766522347808,1.0
-0.6002320962747953,1.0
-0.1987994372125894,1.0
-0.5013530250204269,1.0
-0.34576948438387867,1.0
-1.850039320506344,1.0
-0.23889466490061123,1.0
-0.8500348865931726,1.0
-1.1660253204675224,1.0
-0.7664873869664971,1.0
-0.6156804626780596,1.0
0.27055882686522414,1.0
-1.689958746134994,1.0
-0.65365568654459,1.0
-1.0412588326534946,1.0
-1.5521350854493399,1.0
-0.3155547049479409,1.0
0.2000594657886025,1.0
-1.1079113062858532,1.0
-1.4792339699624253,1.0
-0.9841708872037311,1.0
0.13268500136297778,1.0
-0.9208788347409755,1.0
-1.412537377983319,1.0
-0.7113786625547789,1.0
-0.7475182413122137,1.0
-0.9425472041126273,1.0
-0.4237115884913961,1.0
-0.3394487204826934,1.0
-0.24154226705571485,1.0
0.29983703585885,1.0
-0.9901437259346011,1.0
-0.3944449900920623,1.0
-0.6998524102430423,1.0
-0.5693745331685143,1.0
-0.011092282070837484,1.0
-0.5400844844612877,1.0
0.11355856734280816,1.0
-0.4657543443667753,1.0
-0.33715513601932295,1.0
0.013069591617101903,1.0
-0.01960275693933955,1.0
-0.3396730988410436,1.0
0.7810605787773504,1.0
0.7900989104354493,1.0
0.9618170260844697,1.0
-0.19566190311148973,1.0
0.9089816329739342,1.0
0.044667868846002864,1.0
0.10443428067388291,1.0
0.7064481320228124,1.0
-0.23587933269417413,1.0
-0.3675582339165524,1.0
-0.1418991773311295,1.0
0.3567243487960965,1.0
0.686603206770463,1.0
-0.3544337233534646,1.0
0.15955225590221112,1.0
0.6518118482904494,1.0
-0.5568996627936389,1.0
-0.24651821875268087,1.0
-0.17420178365928785,1.0
0.9672202846149889,1.0
-0.292931262043139,1.0
-0.394154958777634,1.0
0.6074370280405,1.0
0.13699259187245633,1.0
0.9622704539579039,1.0
0.22613731582372143,1.0
-0.7606308297450814,1.0
0.2933783661932531,1.0
0.6630979724103406,1.0
0.20867012051319106,1.0
0.4718302529343176,1.0
0.31444642427895164,1.0
1.650143552222285,1.0
1.182603822329801,1.0
1.2509143195193655,1.0
0.15245390717152996,1.0
0.02427227599088788,1.0
0.7121525996775799,1.0
1.4977182968641594,1.0
0.937823212181609,1.0
1.6779331007789282,1.0
0.5179419874758887,1.0
0.4705838573779528,1.0
0.528152646544707,1.0
1.6607833251730657,1.0
1.0870994431859025,1.0
0.14783559132591506,1.0
1.3921556191482851,1.0
0.830958315832052,1.0
0.6848899601505867,1.0
1.421180938400778,1.0
0.4690846837289537,1.0
0.38702186067998945,1.0
0.1547440156866372,1.0
1.3325030163858853,1.0
0.04923569351826729,1.0
1.2170190025338976,1.0
1.0926431869949877,1.0
0.6029324386956598,1.0
1.1928183290549392,1.0
0.40867665426811073,1.0
0.538735420227052,1.0
0.9769862874880761,1.0
0.20573802159507149,1.0
0.9327770587035786,1.0
1.2701211638679426,1.0
0.5709622197601583,1.0
0.5736492697557576,1.0
0.6331108727053814,1.0
0.21840030617910777,1.0
0.7186691781438235,1.0
1.5396313676153521,1.0
0.7645345705605454,1.0
1.513719731721097,1.0
0.793421478026231,1.0
1.36611313213794,1.0
0.5987549431437025,1.0
1.1230263258478088,1.0
1.893630350478702,1.0
0.7038782648723996,1.0
-0.6663432391936536,1.0
0.40035099856731005,1.0
1.738384009010284,1.0
0.41335214018453237,1.0
0.9841785320880263,1.0
1.2955289308982227,1.0
0.9956858885551457,1.0
1.2810301151711991,1.0
1.2376523269537356,1.0
0.7964931131638265,1.0
1.9832257624498828,1.0
1.0317639231523594,1.0
0.6495010299662849,1.0
1.1552339485376848,1.0
-0.0676443346171699,1.0
1.0535613444728995,1.0
1.5438519596083529,1.0
1.7885161309820903,1.0
-1.0252094051110983,1.0
1.3159053541135852,1.0
1.035881211599053,1.0
0.9637026950357458,1.0
0.6793310488471118,1.0
1.2113892361789655,1.0
1.0622939933007274,1.0
-0.20448634180520697,1.0
0.9397071810725487,1.0
0.6026663867197201,1.0
-0.213560589407934,1.0
1.117339585438451,1.0
0.622778847055185,1.0
0.2209694950554223,1.0
0.7391618178754155,1.0
1.2948983086490509,1.0
1.2236501615806832,1.0
0.06281441909079466,1.0
1.63924126094668,1.0
0.7958160768988011,1.0
0.10230580515679844,1.0
0.8342844180943177,1.0
-0.5712308794625437,1.0
0.08856714890600592,1.0
0.15217710058720124,1.0
0.6404112101818741,1.0
1.0068277501888958,1.0
0.8672025808759245,1.0
0.5297425383691603,1.0
0.6767503142436155,1.0
-0.3570150860468335,1.0
0.419370145364052,1.0
0.09062419591772625,1.0
0.23238635584858947,1.0
0.5520640872259768,1.0
0.8987828690080147,1.0
1.023621872487114,1.0
0.0009775843131774598,1.0
0.11208072760183202,1.0
0.17787116836242298,1.0
0.4648354808153772,1.0
0.926615858977779,1.0
-0.0018256720066135435,1.0
0.14385212963423624,1.0
0.6408031265693999,1.0
0.11704717011124788,1.0
0.3033996791893947,1.0
-0.07072297460280605,1.0
0.7470618947359695,1.0
0.5439059125374568,1.0
1.3616056460401096,1.0
1.0347857355175907,1.0
0.41289038752282775,1.0
0.2571329872907751,1.0
0.7256929370225172,1.0
0.09163523873074587,1.0
-0.07980560119004018,1.0
1.0192623950428612,1.0
0.3405492972759452,1.0
-0.23094476020255844,1.0
-0.037311666646417725,1.0
0.3398901854540571,1.0
0.692256206791282,1.0
0.054419287191961166,1.0
-0.1824301924450005,1.0
0.05142131339474118,1.0
0.0041270724627247846,1.0
0.724187015938045,1.0
-0.2948262243358817,1.0
0.7504561174759692,1.0
-0.9551881118781054,1.0
-0.6499839746308662,1.0
0.1422952697507357,1.0
0.3675814245376878,1.0
-0.07450994282743306,1.0
-1.260987618783245,1.0
-0.3863756602243854,1.0
-0.6334529845005452,1.0
-1.0873950648600625,1.0
-0.32139408609858844,1.0
0.2894641211894895,1.0
-1.4111486104219697,1.0
-1.122786501988132,1.0
-0.9759836386625713,1.0
-1.1143147147731027,1.0
-0.7276298731597935,1.0
0.7596835910945022,1.0
-0.024918498895512453,1.0
-1.6566079385576533,1.0
-1.489727206922908,1.0
-0.4218926543361622,1.0
1.1668205265426257,1.0
0.5168172245403877,1.0
0.18011711615166803,1.0
0.793370240605141,1.0
-0.9064588777515252,1.0
-0.5743285098215641,1.0
-1.056230880561398,1.0
-1.3297618279445125,1.0
-0.8992142518442701,1.0
-0.4914090605119639,1.0
-1.2193420714721486,1.0
-1.2473881916636445,1.0
-1.4742291519107678,1.0
-0.10171016052446269,1.0
-1.3522777515083786,1.0
-0.5135624219116166,1.0
-0.7477616033075897,1.0
-0.1609555728856672,1.0
-0.5568292497085843,1.0
-0.5988502152185998,1.0
-0.41701367566740344,1.0
-2.3312320502039374,1.0
-0.5616597614364283,1.0
-1.4628512961077682,1.0
-0.09201021143047161,1.0
-1.108318613962216,1.0
-0.5243378977559084,1.0
-0.12768414140067208,1.0
-1.91486743535798,1.0
-1.0688608847824237,1.0
-0.4149339229258623,1.0
-1.0372114153465342,1.0
-0.9349294765753353,1.0
-0.49088412006377447,1.0
-0.8599772589749619,1.0
-0.06763797938408389,1.0
-0.9648013309148817,1.0
-1.2297430252146178,1.0
-0.903018738961527,1.0
-0.5967480532021492,1.0
-0.62456735658541,1.0
-0.5479750658572965,1.0
-1.0033734047355882,1.0
-1.9517546065899256,1.0
-0.14574821942964689,1.0
-0.4030056202235194,1.0
-0.47048226604539545,1.0
-1.4511910023670835,1.0
-0.6242499388961285,1.0
-1.8849467579051382,1.0
-0.9658698678785188,1.0
-1.369529339387153,1.0
-1.0635920340427027,1.0
-0.07622762225080104,1.0
-0.2926538981642607,1.0
-1.375159448362772,1.0
-0.5964071640305457,1.0
-1.8461153075503964,1.0
-1.3415660431356637,1.0
-0.38094622375285936,1.0
-0.8346067232955754,1.0
-0.6187190007548649,1.0
-1.5379465620046637,1.0
-1.0160913045318158,1.0
-1.2974883279614093,1.0
-0.5203683766576426,1.0
-1.1716827363787425,1.0
-1.3929300323629858,1.0
-1.056498742902775,1.0
-1.6170427079671428,1.0
-0.7601964315300469,1.0
0.06928270383483726,1.0
-1.043401717318412,1.0
-1.3977215465708817,1.0
0.09664364209412923,1.0
-0.47570139301219777,1.0
-1.115685868765376,1.0
-0.14524322285468005,1.0
-0.46481873187143385,1.0
-1.2667341684648985,1.0
-1.1214615769013125,1.0
-1.359831044190809,1.0
-0.6619213976908087,1.0
-0.6587823261883499,1.0
-1.3412113361239926,1.0
-0.7757941697154365,1.0
-1.2794257822272102,1.0
-1.4270759451289416,1.0
-1.4384947691146865,1.0
0.05113903284434218,1.0
-1.157236219313591,1.0
-0.6386483464454072,1.0
-0.40705246656344485,1.0
-1.5583707976237995,1.0
-1.0422782953153895,1.0
-0.22541773734303194,1.0
-0.05012513790777706,1.0
0.049421043708720136,1.0
-1.8050392894350682,1.0
0.0873277029006877,1.0
0.4553678866621841,1.0
-0.34053416792304125,1.0
0.6834221807370938,1.0
-0.8095167935957448,1.0
-0.0020604577848716277,1.0
-0.026403214486755866,1.0
0.09532760222586045,1.0
-0.0665358033437366,1.0
-0.7513256071513494,1.0
-0.8387658911010989,1.0
-0.9217454771917728,1.0
1.3446556381968515,1.0
-0.7708593894790581,1.0
0.2805264153685726,1.0
-0.6296176080234217,1.0
0.011867253725611426,1.0
-0.2992240440082048,1.0
1.1965399599561772,1.0
0.608784288194409,1.0
-1.1144136990173732,1.0
-0.33580881456713246,1.0
-0.2883261058380383,1.0
0.290339143150732,1.0
0.4522986300828111,1.0
-0.48780295520587463,1.0
0.554003830966083,1.0
0.7251557654337374,1.0
-0.5990970110925926,1.0
0.09907577276445581,1.0
-0.007359432164564944,1.0
-1.0167321235261817,1.0
0.19147953381217395,1.0
-0.880437111537245,1.0
0.6690772232223614,1.0
-1.0073721384590582,1.0
-0.015599206342074456,1.0
0.3035034478526118,1.0
-0.7533493322212482,1.0
0.5303226147221582,1.0
0.05316565043449359,1.0
0.3488829123407388,1.0
0.19922365633591146,1.0
0.4867594945170176,1.0
1.1847817811786534,1.0
0.5039724744758763,1.0
0.6636697298702221,1.0
0.8789655703057184,1.0
1.6096033000099528,1.0
0.16438991686928067,1.0
0.5071013011248766,1.0
0.5606770673501691,1.0
-0.5931750114588623,1.0
0.5691098442869775,1.0
0.1227384256064119,1.0
1.5599353123326734,1.0
0.5981336461317907,1.0
1.1859559616174196,1.0
-0.05222872346151597,1.0
0.7646746570696272,1.0
0.46356585492397184,1.0
0.8466875108337445,1.0
1.6689809675927743,1.0
0.4846168688413027,1.0
-0.16161964759898373,1.0
1.0924593746162052,1.0
0.9334963644480743,1.0
1.0510918940181622,1.0
1.1717788892560161,1.0
0.42243042626447996,1.0
0.15641548206276745,1.0
-0.11808205988751452,1.0
0.05026579574761858,1.0
1.465905140156107,1.0
1.138075317760268,1.0
1.3656896223884767,1.0
0.42066685327332354,1.0
0.3510994337043267,1.0
0.726340873865466,1.0
1.0010633234335637,1.0
1.47008162247649,1.0
0.7227544543555422,1.0
0.7010897863342576,1.0
1.4114030801777813,1.0
1.0025319071709338,1.0
0.10918173725501101,1.0
1.1704633530956763,1.0
1.3648015304736774,1.0
1.0431845525965064,1.0
0.8823684613803252,1.0
0.813504231999467,1.0
0.19495606422175815,1.0
1.4313915937863966,1.0
1.2100017354046886,1.0
1.3482460652106114,1.0
1.3011185736133428,1.0
1.2687359354665109,1.0
1.6955170526914383,1.0
0.3656907186943489,1.0
0.17060020405020426,1.0
0.18621492236986936,1.0
1.947599602918126,1.0
1.670730689347188,1.0
0.35653560036582876,1.0
1.6054475718638965,1.0
0.8227541395643113,1.0
1.635041206223099,1.0
1.4315456313907138,1.0
1.834750474986614,1.0
0.9158079638512018,1.0
0.2431925038077487,1.0
1.888416897396747,1.0
1.8004263354066872,1.0
0.06608189922691354,1.0
0.8553976040118472,1.0
0.5143703401593449,1.0
0.7874826351671964,1.0
-0.30794817897218396,1.0
1.0536674294350479,1.0
-0.5320438496129181,1.0
1.26604038660535,1.0
0.5440843061596038,1.0
0.1306529722869324,1.0
1.3903013434076923,1.0
1.7105807616211464,1.0
1.2249440814594075,1.0
0.3488134589154739,1.0
-0.3688891840912729,1.0
0.6364082148049803,1.0
0.9925667505708491,1.0
1.2247763540018712,1.0
0.3892731175862919,1.0
0.4332833717972405,1.0
0.3080817758614013,1.0
1.598823590724618,1.0
1.4757806088912786,1.0
0.8142658456202451,1.0
0.7662807849502682,1.0
0.696229360099242,1.0
1.0328816101185165,1.0
1.7701604333389094,1.0
0.38023118117056476,1.0
1.0164995898945137,1.0
1.9423934263736453,1.0
1.1222896453682676,1.0
0.15694666144666203,1.0
0.5045883424150048,1.0
1.8666463635020167,1.0
0.7313863740313147,1.0
0.8261054259765681,1.0
0.8193287212727484,1.0
0.7816567744549737,1.0
0.634453585748908,1.0
0.7635528840115965,1.0
1.5005403267381179,1.0
0.6973907968786663,1.0
1.476927606455093,1.0
1.3763055970391358,1.0
0.0508956098171498,1.0
0.14634218161047857,1.0
0.21871457932486266,1.0
0.22705587117492837,1.0
1.3567820785940439,1.0
0.11908136476720055,1.0
0.9747165896221508,1.0
-0.3115644129381713,1.0
-0.3539277173002686,1.0
0.25518036844246966,1.0
0.7348622256047019,1.0
0.44569649853399806,1.0
0.6824670331707898,1.0
0.5805232522097753,1.0
0.9681109197407165,1.0
1.3710720771739295,1.0
-0.9709021976048181,1.0
0.12983001917476605,1.0
0.5918058318107804,1.0
-0.31057206273067844,1.0
-0.003678008778272318,1.0
0.6873783917227779,1.0
0.10021593580487773,1.0
1.0742947035134138,1.0
0.2987873268230152,1.0
0.08485262951470712,1.0
0.5277668851729043,1.0
1.226202877853609,1.0
-0.35812212705557317,1.0
-0.02810903324630222,1.0
-0.036873420129451356,1.0
-0.10208446101783215,1.0
0.48047886724350614,1.0
-0.028428906719451336,1.0
0.7486485644214387,1.0
0.5219175029809402,1.0
-0.3673637631670198,1.0
0.28468781335743965,1.0
-0.14389230920822083,1.0
-0.3922609208213104,1.0
-0.2726582942930261,1.0
-0.17085695844476262,1.0
-0.8672853994052869,1.0
0.1425182224769032,1.0
-0.11809940657363982,1.0
-0.7903374807644489,1.0
-1.158416899021856,1.0
-1.23321382075365,1.0
-0.14531667544336807,1.0
-0.23406870238340738,1.0
-1.0660133707728174,1.0
-0.07671218697794835,1.0
-0.9292128688486174,1.0
-0.7602089168318042,1.0
-1.0739245680263076,1.0
-0.39078096805113127,1.0
-0.9943495039886121,1.0
-0.5474670409834362,1.0
-0.7934640096017249,1.0
0.16020082873425412,1.0
0.018821323795280898,1.0
-0.1918696385336962,1.0
1.0312050972060707,1.0
-0.6610554957587739,1.0
-0.3954585230755542,1.0
-0.6716712929453058,1.0
-1.1294649720617045,1.0
-1.748442314840176,1.0
-0.24958003069936918,1.0
-1.3298515150487682,1.0
-0.5026124056275787,1.0
-1.0586907071266092,1.0
-0.2572833781498791,1.0
-0.9567955168332618,1.0
-2.0847632534773206,1.0
-1.2191335779380754,1.0
0.02910778886421217,1.0
0.14125532956873743,1.0
-0.6057803997742013,1.0
-1.6825230838384124,1.0
-1.4992878038108075,1.0
-0.5185091709889671,1.0
-0.6719817260919051,1.0
-1.4848434871570682,1.0
-0.23115295181403694,1.0
-0.9214440772410791,1.0
-1.1563579338481755,1.0
-0.6329036033725509,1.0
-1.5507265353239141,1.0
-0.9066363220960615,1.0
-2.0338098389986694,1.0
-1.021401775582067,1.0
-1.3583153768968605,1.0
-0.011827174341379476,1.0
-0.40967891578174953,1.0
-2.0416500399090363,1.0
-1.3123310554485195,1.0
-1.4539979233812113,1.0
-1.0758700642064072,1.0
-1.082595183304284,1.0
-0.9233400588784593,1.0
-1.8958136660065157,1.0
-1.4711701955296717,1.0
-0.23754557212255745,1.0
-0.7587894847702397,1.0
-0.5741913043289515,1.0
-1.4515914209938108,1.0
-0.768250546638549,1.0
-2.226344005730587,1.0
-1.797705630041396,1.0
-1.2735834219249063,1.0
-0.746209123225807,1.0
-0.6543945863530087,1.0
-1.3642738600014774,1.0
-1.8131160410152205,1.0
-1.077110870024434,1.0
-0.5473407500147803,1.0
0.3433718025202439,1.0
-1.3884688000268286,1.0
-1.1683347511428188,1.0
-0.9073173065701053,1.0
-0.7179210414210776,1.0
-0.6611287074363825,1.0
-1.116682835510924,1.0
-1.1312400667530835,1.0
-1.3623804548489784,1.0
0.17321604254479928,1.0
-0.8610915677933245,1.0
-0.8464897440081319,1.0
-0.7955687167542048,1.0
-1.0064293579228563,1.0
-0.6707789567641899,1.0
-1.4864263639690463,1.0
-0.8668581732214184,1.0
-1.581534508544337,1.0
0.10991148089289393,1.0
-1.3116678277439235,1.0
-0.9534429586578945,1.0
-1.255821824920111,1.0
-0.12185704375717787,1.0
-1.2238423203621474,1.0
0.006900636199141386,1.0
-0.478152351582989,1.0
0.5089759677603791,1.0
-0.7609963184099804,1.0
-1.3686408916625141,1.0
-1.2823980737162572,1.0
-1.2909786784619413,1.0
-0.22042520362795365,1.0
-0.19653933151796377,1.0
-1.6163452608214635,1.0
-0.9959504440992517,1.0
-0.9481637752873714,1.0
-0.18853608873460925,1.0
-1.3056564251507115,1.0
-1.1774829065000214,1.0
-1.1684217542182052,1.0
-0.547011841418878,1.0
-0.7353087568055928,1.0
-1.0467026770388077,1.0
-0.013552217546211998,1.0
-0.598571458247126,1.0
-0.3566605701567047,1.0
0.5444035159466406,1.0
-0.5261465611068581,1.0
-0.798958344332779,1.0
-0.24003344648120106,1.0
0.41285810545588914,1.0
-0.14293790819753643,1.0
0.1386984709819879,1.0
-0.7742577015134209,1.0
0.5773370398931857,1.0
0.5313752244609574,1.0
-0.47254624350944774,1.0
-0.3719443792169484,1.0
0.3852690800310592,1.0
0.16415482717598534,1.0
-0.34583186195075305,1.0
1.2193103967532388,1.0
0.21609709232655167,1.0
0.2879560364575174,1.0
0.19584119374461323,1.0
0.3985129630368781,1.0
0.635074669645951,1.0
0.0021274197346193707,1.0
-0.4530254930844234,1.0
0.3125828598509917,1.0
0.4126002817432118,1.0
0.19708145488963583,1.0
-0.612699072296009,1.0
-0.4274220628175411,1.0
0.040768817264311474,1.0
0.3752626025577328,1.0
-0.2313814757044261,1.0
0.5118637953091522,1.0
-0.45462206467204813,1.0
0.8352609495458783,1.0
0.22847339338398842,1.0
-0.1931806413997989,1.0
-0.2814040120488342,1.0
0.8545641684357895,1.0
0.6257486764616917,1.0
0.6811465963189313,1.0
0.7305237792762349,1.0
1.9639505983900438,1.0
-0.5141461140495427,1.0
0.04272960459471753,1.0
0.3270593956196219,1.0
0.4434216570667858,1.0
-0.2337214728551762,1.0
1.1005270673011476,1.0
0.08747968252048588,1.0
1.217630719966638,1.0
1.818783468845703,1.0
0.8802240924565443,1.0
0.5334139828265013,1.0
1.014862266762706,1.0
1.2078485817864162,1.0
-0.9826297295824857,1.0
1.0256418502955609,1.0
1.4979665316268584,1.0
0.7086587531892038,1.0
1.944636757517559,1.0
1.2074869446535308,1.0
0.9700952271216334,1.0
1.1874435013558127,1.0
-0.18464895664467496,1.0
1.1133181414853452,1.0
1.1849625695236727,1.0
1.114146467710618,1.0
0.7789402088611852,1.0
-0.541000423419871,1.0
1.2456434878483162,1.0
1.044078218282184,1.0
0.8153750257218401,1.0
0.4829047386205385,1.0
0.2509380962444735,1.0
2.2042897587963486,1.0
0.23699837960022097,1.0
1.0352154942411524,1.0
1.1160307764111417,1.0
0.2896902893794838,1.0
1.0016804126093923,1.0
1.2323551917250712,1.0
0.3353024333960871,1.0
0.5452020947737782,1.0
1.62096561650762,1.0
1.0935309648980898,1.0
1.2054202530860194,1.0
1.5879086538384433,1.0
0.8579895759591115,1.0
1.5217525815151638,1.0
0.6519521799315487,1.0
1.1717621970774288,1.0
0.06105283233350689,1.0
0.22918857835450301,1.0
1.9531825881570928,1.0
-0.24668589663412632,1.0
1.1541050375815265,1.0
1.0160647944527492,1.0
0.8548467656723595,1.0
1.1938461522590447,1.0
1.2024256873858743,1.0
0.7212717159161213,1.0
1.6440499744190693,1.0
1.3906527687193935,1.0
2.4100428139645653,1.0
0.7935567926333164,1.0
1.3071494738932075,1.0
-0.17913473865790341,1.0
0.4285179214898108,1.0
0.5374156524282756,1.0
0.7198799709186238,1.0
0.5881015135017174,1.0
0.7900445020739274,1.0
0.7019425799624157,1.0
0.20177189929625794,1.0
1.209111748921664,1.0
0.8219897102423303,1.0
0.7245937960608009,1.0
1.5394835474573216,1.0
1.480271110185913,1.0
1.530642655903442,1.0
0.9572669564493289,1.0
1.1982104007380292,1.0
1.2724028114331978,1.0
1.1369879568738097,1.0
2.025991231373048,1.0
0.5556607869170047,1.0
1.268981334959266,1.0
0.18093137821695415,1.0
1.0717810683359839,1.0
0.4992802568911795,1.0
-0.04890331636711365,1.0
1.0001530290996719,1.0
0.9601565684570077,1.0
0.2597327065927474,1.0
-0.4711814278677746,1.0
0.9515768150029632,1.0
1.31181368981492,1.0
0.49637324233693075,1.0
0.738551009269815,1.0
0.036877167409992806,1.0
-0.2400567392365709,1.0
0.5344756782649674,1.0
1.6992216046469646,1.0
0.4623522084929506,1.0
1.0867414820957828,1.0
0.5148250660170093,1.0
1.2240274458497546,1.0
1.2570326462054435,1.0
0.5105334350721319,1.0
0.7363543734760163,1.0
1.6163841703246797,1.0
-0.07546662006955618,1.0
0.19061100993774732,1.0
0.10334345460432964,1.0
1.920002055169054,1.0
0.10359859721091136,1.0
0.6342725431426015,1.0
0.47384766317186355,1.0
0.794408106918862,1.0
0.5370927037611051,1.0
-0.07986324225266411,1.0
-0.04922455243147539,1.0
-1.2903568107896524,1.0
0.7328039936069553,1.0
1.005368748601773,1.0
-0.36145280373710786,1.0
0.16264413603456226,1.0
0.13409392465515402,1.0
0.059769394324878655,1.0
0.09160492186875545,1.0
0.9877488322442138,1.0
-0.710048254490819,1.0
-1.2457666785798878,1.0
0.9372408452617399,1.0
0.4567184698913706,1.0
0.0522550075535861,1.0
0.14881457181497149,1.0
0.26358541911852446,1.0
-1.024623333776737,1.0
0.9155689987578923,1.0
0.5593090322133858,1.0
0.3706596708466716,1.0
-1.4301370750232512,1.0
-1.4977847633822894,1.0
0.3842224496690858,1.0
0.15390972525899377,1.0
-0.27548757390553025,1.0
-0.7979331648839101,1.0
-0.027909730659240684,1.0
0.44463800633940515,1.0
-0.16249712593827315,1.0
-0.7792588580542821,1.0
0.15916505198528874,1.0
0.16771704892256617,1.0
-1.1028609682904105,1.0
0.2520513722350889,1.0
0.65798660156227,1.0
0.14228135172027123,1.0
-0.7124680627578006,1.0
-0.29517346526669086,1.0
-0.2288023103722155,1.0
-1.372133847542252,1.0
0.15285017110364607,1.0
-0.68218102511024,1.0
-0.7688047838117111,1.0
-0.46729917761775414,1.0
-0.10413008049707512,1.0
0.2119942400517355,1.0
-0.43001991247332705,1.0
-1.8232355605514374,1.0
0.133131044637949,1.0
-0.995376651812892,1.0
-0.37305123987929306,1.0
-1.9405357827008827,1.0
-0.5552687889377642,1.0
-1.3781855922658006,1.0
-0.7823332820214602,1.0
-0.6156144562412014,1.0
-0.5536073527727075,1.0
-0.8461079393092923,1.0
0.4207531070486493,1.0
-0.1280171548633321,1.0
-0.8315955723463504,1.0
-1.0128801684221092,1.0
-0.4614045732693866,1.0
-0.09237121812966198,1.0
-0.7097108547462723,1.0
-1.7094003569473437,1.0
-1.106330705925759,1.0
0.6815266331857271,1.0
0.25471619226172604,1.0
-0.19159220157139156,1.0
-1.0995117840385835,1.0
-0.8481344640389411,1.0
-1.356345785947886,1.0
-2.0407987527950273,1.0
-1.776918009170638,1.0
-1.1477359212942795,1.0
-0.3875030321978845,1.0
-0.6086901930508803,1.0
-0.16817868088464116,1.0
-1.9330502210381886,1.0
-1.836826559988947,1.0
-2.1794324459715613,1.0
-1.5501479154889553,1.0
0.44727232680611073,1.0
-0.8727667525689708,1.0
-2.4796078680221982,1.0
-0.35181048097639644,1.0
-0.6641597268887107,1.0
-0.7728863062011069,1.0
-1.1294881965774186,1.0
-0.6043916870333095,1.0
-1.3979334776159644,1.0
-1.4206446787171738,1.0
-0.39917382094197207,1.0
-1.6436359589397336,1.0
-1.1127545770831184,1.0
-0.8480027004736366,1.0
-1.0729917844131653,1.0
-1.6502825132498957,1.0
-0.053756849317948885,1.0
-1.1659377180105595,1.0
-2.1784609614487054,1.0
-0.9428359812804751,1.0
-0.6658253040667816,1.0
-1.8130952646016123,1.0
-1.0953741499219387,1.0
-0.3373252614225529,1.0
-1.2529664389192294,1.0
-1.6789861651450806,1.0
-1.4606304722393668,1.0
-1.6023873435210882,1.0
-1.3944258667031257,1.0
-0.1834320663653004,1.0
-0.6155426718963293,1.0
-1.139706122216769,1.0
-1.3197555533575553,1.0
-1.0329489812575758,1.0
-0.8690062804638373,1.0
-0.4089998986532489,1.0
-0.5126690745704354,1.0
-0.1317373723306331,1.0
-1.0945850991844295,1.0
-0.6161859047034473,1.0
-1.3267967439489352,1.0
-0.04978083822170343,1.0
-0.19325502069994271,1.0
0.339249508606595,1.0
-1.3305233667350782,1.0
-0.8146518293120332,1.0
-0.24714772760628495,1.0
-1.2034384457115632,1.0
0.04391124194001661,1.0
-0.6197306846739632,1.0
-0.20838426484997286,1.0
-1.04315060659862,1.0
-1.2173058835120767,1.0
-0.5643183027598501,1.0
-1.164555779808395,1.0
-1.257326067494676,1.0
-0.2899970975273838,1.0
-0.6248191024537588,1.0
-0.5196788446466415,1.0
-0.3746982876906283,1.0
-0.8415258290836787,1.0
-1.7139927922097957,1.0
-0.4838309657050962,1.0
-0.41064058884206717,1.0
0.1322121952385421,1.0
-0.06182604954956061,1.0
0.9432613064224541,1.0
-0.5444881647202677,1.0
-1.3527225990078067,1.0
0.021297384986964707,1.0
-0.08982246407500427,1.0
0.3836776999498519,1.0
-0.42813648948544847,1.0
-0.8876288205043171,1.0
0.0920530139841993,1.0
0.4994706624297356,1.0
-0.94174751336955,1.0
-0.30918275431538206,1.0
-0.06314850165862265,1.0
0.19933912692025132,1.0
-0.14943010438990503,1.0
-0.14727749041468152,1.0
0.7603189493693533,1.0
-1.351941323704103,1.0
0.27109887223031814,1.0
-0.39712400418456334,1.0
0.4347566229193708,1.0
-0.598452299419013,1.0
-0.6365809820419194,1.0
0.4428900599789473,1.0
0.003381513226573027,1.0
-0.5888694508340752,1.0
-0.42390233582083264,1.0
-0.9896117376545506,1.0
-0.58798873235075,1.0
-0.9820108693940406,1.0
0.6743753810048612,1.0
1.0570837411288634,1.0
0.2327417724066112,1.0
1.0944192706333788,1.0
-0.35490355215376496,1.0
0.9182248427528827,1.0
1.0495833733874773,1.0
0.4278084309385559,1.0
-0.24914987964742524,1.0
0.4921748156981643,1.0
-0.016441784520387692,1.0
0.9123589029433444,1.0
-0.019400428619128995,1.0
-0.5523933813736523,1.0
0.4589066545223067,1.0
1.2688364197417559,1.0
0.43526840330431277,1.0
0.6542622377737805,1.0
0.4965478551320596,1.0
0.3719882117104386,1.0
0.6025677058391609,1.0
0.20058763439780325,1.0
0.6692654477058855,1.0
-0.1171085207577357,1.0
-0.3219131589989105,1.0
0.7916624085177842,1.0
0.24736544124467358,1.0
0.9003252832511002,1.0
-0.41873649963221826,1.0
1.0291038943013469,1.0
0.7837432823344791,1.0
0.7113991627516913,1.0
1.6567044990797264,1.0
0.669714549723888,1.0
1.733139313513398,1.0
0.9950983993336119,1.0
0.5050677837286547,1.0
0.6041977516796517,1.0
1.0140581400824862,1.0
0.41197805286402894,1.0
0.7090709310000461,1.0
0.7356118037480849,1.0
0.44805666274546435,1.0
0.9107942695249281,1.0
0.8437701420860557,1.0
0.8204610340638261,1.0
0.830716119937826,1.0
1.354859547439641,1.0
1.2541584820900595,1.0
1.8068258913818056,1.0
0.8289434370448405,1.0
-0.15476879440150493,1.0
1.9025100045012786,1.0
0.36321812751339855,1.0
0.4476696623667067,1.0
0.7707455710993435,1.0
1.1265524969292149,1.0
1.680057093861777,1.0
0.5640432453836912,1.0
-0.34390573736757757,1.0
0.5493338618254808,1.0
-0.285712775885701,1.0
0.4400747058717379,1.0
1.899365693920183,1.0
1.4126284492263976,1.0
1.2358152695854425,1.0
1.5204289660506598,1.0
2.0704173635072065,1.0
0.865769217798305,1.0
1.391965326451617,1.0
1.3365449918827013,1.0
0.4957058909445735,1.0
0.7005674721870958,1.0
0.9039475754936386,1.0
2.844186954290945,1.0
0.7549968100866059,1.0
0.976925032919123,1.0
1.745369757172714,1.0
1.6036968474135413,1.0
0.7701205315178831,1.0
0.9523098323070891,1.0
1.4249566396402102,1.0
0.3962227612915289,1.0
2.0110782191846583,1.0
0.06451399674289826,1.0
1.5541341117927747,1.0
0.7928441826361871,1.0
1.136171941036142,1.0
0.12484806499285017,1.0
-0.03450044934829999,1.0
0.5120610352024001,1.0
0.9773203793182484,1.0
0.5027852093148907,1.0
0.34374356805744344,1.0
0.19799602895851087,1.0
1.3587060356351315,1.0
1.3951763524494054,1.0
0.30758846848125754,1.0
0.8677766436993785,1.0
0.20152897546436543,1.0
1.5186516596232076,1.0
1.2797177789432241,1.0
0.20132254382512738,1.0
-0.3029744052560732,1.0
0.07395928375575467,1.0
1.1149142866937445,1.0
0.7108768023307308,1.0
0.44131501481202634,1.0
0.5465292557341802,1.0
1.7105681803873662,1.0
0.4695916517355375,1.0
0.6020037117676235,1.0
1.4609095690602647,1.0
0.7364465440118273,1.0
0.639377053208122,1.0
0.2731617853527449,1.0
1.6640463246350226,1.0
0.1456760465182399,1.0
0.2968182033026222,1.0
0.414677761519178,1.0
0.3688176405502229,1.0
0.9023321345499122,1.0
0.7228632445338598,1.0
1.2569589528136684,1.0
0.9125184336441475,1.0
0.48336591012890295,1.0
0.4482908100379524,1.0
0.07351452881773518,1.0
0.4513324193728796,1.0
1.688922814603427,1.0
-0.034200367050428115,1.0
0.9877464812179355,1.0
0.04838226886200925,1.0
0.6352562419062471,1.0
0.020352520658314888,1.0
0.2394385154965243,1.0
-0.2688537589689113,1.0
1.111532063685879,1.0
0.3723639675597161,1.0
0.5546787510145679,1.0
1.2340889454430253,1.0
1.7637716642111916,1.0
0.6042718036587639,1.0
1.1414266049067319,1.0
1.0738820375746772,1.0
0.38496071943493126,1.0
0.6002717186400217,1.0
0.8010937311725063,1.0
-1.0187677398569401,1.0
-0.015250196106456948,1.0
-0.3458208649041861,1.0
0.15611519933275178,1.0
0.21435428832006828,1.0
0.08660347162001208,1.0
0.8346283933282632,1.0
-0.9463832635067763,1.0
0.022746840052469686,1.0
0.6150767736307924,1.0
-0.43403970009566717,1.0
-0.48034852582169485,1.0
0.021406300593332428,1.0
-0.49934875134775125,1.0
-0.3275797854991339,1.0
-0.10175594592598972,1.0
-0.06767680360982847,1.0
0.7485602666027278,1.0
-0.4331785139805778,1.0
-0.7612759291600448,1.0
-0.48310577256008935,1.0
-0.2372982669540476,1.0
-0.20345850318415323,1.0
-0.42825277323721417,1.0
-0.793345397087429,1.0
-0.6166960207218571,1.0
-0.7193430559824944,1.0
0.5809233379023544,1.0
0.04046409196729661,1.0
0.36355680211690833,1.0
-0.4393286703111524,1.0
-0.5277926565347641,1.0
-1.6715775595155415,1.0
-1.135251364990816,1.0
-0.2127576793517058,1.0
-0.06911299632345569,1.0
-0.6385482072291169,1.0
0.07246013068984913,1.0
-0.7671233178342408,1.0
-1.0127650946608084,1.0
-0.3078530183614119,1.0
-0.45496484091530165,1.0
0.5629279856508114,1.0
-0.26171626298049605,1.0
-0.7592290177725268,1.0
-1.1256940562722915,1.0
-1.568522844267452,1.0
-0.4825812915746548,1.0
-1.0372301432754916,1.0
-0.6324598573750584,1.0
-1.0546229868397499,1.0
-1.2696836957370876,1.0
-1.344729892269045,1.0
-1.6614403813827758,1.0
-1.0102567900448143,1.0
-1.4610816067777823,1.0
-1.421960447701812,1.0
0.10154616689100937,1.0
-1.818750426488652,1.0
-0.637859252101175,1.0
-1.2167179460620539,1.0
-0.722187389272121,1.0
-2.250914982072284,1.0
-0.5392804123293027,1.0
-1.1212560985514775,1.0
-0.8368028218771308,1.0
-1.978004597132295,1.0
-0.65793927454129,1.0
-0.6464534056539221,1.0
-1.4365518032006586,1.0
-1.1639533497915915,1.0
-1.0442309240070105,1.0
-1.6983277701556914,1.0
-1.7090249177082164,1.0
-1.9951604813869246,1.0
-1.5014672253795085,1.0
-1.254390095291892,1.0
-0.5891821681488267,1.0
-1.3528134290503733,1.0
-1.583256684103439,1.0
-0.4147225675767803,1.0
-1.563474909257661,1.0
-0.8164722489274596,1.0
-0.5669282335311552,1.0
-0.3540606411893693,1.0
-0.23283912239657745,1.0
-1.5987633585475773,1.0
-0.5655480565019831,1.0
-1.1565960015531556,1.0
-1.0515293031061559,1.0
-0.6512911021586217,1.0
-0.9473119363200804,1.0
-0.7451479725959357,1.0
-1.3043947877652182,1.0
-1.5125007158755217,1.0
-0.984084764768471,1.0
-2.009683241038172,1.0
-0.47790088367305195,1.0
-1.2156510197865247,1.0
-0.9181903035231394,1.0
0.020826787528958612,1.0
-0.6817948840047423,1.0
-0.8936852964667468,1.0
-1.3031181812246022,1.0
-0.630788421818252,1.0
-1.0868866309768372,1.0
-1.1431667251881859,1.0
-0.8315313903792324,1.0
0.4183757416872782,1.0
-1.1662259545218785,1.0
0.015453151437431645,1.0
-1.0539001298274886,1.0
-1.3596137851243562,1.0
-1.1416752248494515,1.0
-0.39994100586541403,1.0
-0.9479864092818348,1.0
-0.7280256214957149,1.0
-0.1786496880662033,1.0
-1.373951753101635,1.0
-1.462833615039725,1.0
-0.9726333530612696,1.0
-0.8364539059887048,1.0
0.0182776223939064,1.0
-0.45194610288670933,1.0
-0.4924095334066521,1.0
-0.08884904721735587,1.0
-0.8049596786790361,1.0
0.2168588804548358,1.0
0.4051419379303304,1.0
-0.7678524637635201,1.0
-0.31190178903543864,1.0
-1.1193693319676052,1.0
0.6287197611891143,1.0
0.44929487223157816,1.0
-0.3573365919473199,1.0
-0.4895884472836378,1.0
-0.5118112815907275,1.0
-1.1114671868302977,1.0
-0.750156852457472,1.0
-1.2279249320977383,1.0
-0.6738106004933445,1.0
-0.1670573835314056,1.0
0.11633585533987634,1.0
-1.700886385230997,1.0
-1.0371071598189996,1.0
-0.10496425627679862,1.0
-0.3801483182599316,1.0
-0.454435628425315,1.0
0.5882084697721628,1.0
-0.4074375240139435,1.0
0.07114690296608586,1.0
-0.6617637324959847,1.0
0.8741512990049807,1.0
0.1484351646215532,1.0
0.02868708661194201,1.0
-0.04135008091127207,1.0
0.5213711144184395,1.0
-0.10593096889785886,1.0
0.05770447734411263,1.0
0.551395406623621,1.0
-0.25696412765106663,1.0
0.5262737005715735,1.0
0.38605338295558267,1.0
-0.3764484489376959,1.0
-0.49440330828291146,1.0
0.6164349603980399,1.0
-0.02925268625984706,1.0
0.45106707141885044,1.0
0.7040434797075553,1.0
-0.19726403175294413,1.0
0.16363216667131025,1.0
1.479567628178398,1.0
0.36406386538161783,1.0
-0.4446733348971574,1.0
-1.0570306841900683,1.0
0.6371253169748206,1.0
0.8933166566193819,1.0
-0.1803031313708166,1.0
0.6692673267727346,1.0
0.6324237677234827,1.0
0.16973965981534533,1.0
-0.4577153471205948,1.0
0.04943946089947493,1.0
0.8986156062570929,1.0
0.033520166603754675,1.0
1.50326647136624,1.0
0.832837056866128,1.0
0.530948093145927,1.0
1.715678124170302,1.0
0.7376310856207063,1.0
0.4277551696030122,1.0
0.7022763568640372,1.0
-0.10796358399238526,1.0
-0.2398605916507246,1.0
1.6926852493779982,1.0
0.6057737867420624,1.0
0.3193600023499113,1.0
1.5613712309033951,1.0
0.4933456504484437,1.0
0.630519248104377,1.0
0.4402205022562077,1.0
1.2199580540455097,1.0
0.23941774879498945,1.0
1.0705936263815974,1.0
1.0125047838845607,1.0
0.21367738098151667,1.0
2.031921806260618,1.0
0.6608694949038906,1.0
1.3037852168272883,1.0
-0.025411662153996484,1.0
0.7903943137231283,1.0
0.9189766122253893,1.0
1.804834933304599,1.0
1.5879171060973818,1.0
0.5215835873320709,1.0
1.349955801425364,1.0
1.7490449122008827,1.0
0.34977863693813593,1.0
0.3015227827417978,1.0
0.9661192189065337,1.0
1.1508693779641777,1.0
1.6827634425224276,1.0
2.072914655930119,1.0
0.7886384227413541,1.0
1.3979919160566623,1.0
-0.2627774458634621,1.0
0.281653567650502,1.0
0.44946357721926156,1.0
0.9890912028339474,1.0
1.1447767162365126,1.0
0.5073786921917154,1.0
1.7742015343571589,1.0
0.5565265078802928,1.0
0.8253336253236123,1.0
1.1042808578441217,1.0
0.7621095976839511,1.0
0.5385900846427175,1.0
0.921108021484144,1.0
0.6067993442628308,1.0
0.7283896448637619,1.0
0.7157854567847728,1.0
1.1629365292674958,1.0
0.85581283195055,1.0
1.0207777336678348,1.0
1.5551209521311538,1.0
1.0007395855959242,1.0
1.0778156598011843,1.0
0.24836443244514828,1.0
0.8886104715701182,1.0
0.8795523224981543,1.0
0.7743364817537657,1.0
1.3230425441974913,1.0
-0.018372555162084248,1.0
1.6207245597216648,1.0
2.167563119267585,1.0
1.3263277459825926,1.0
1.1991444856012332,1.0
1.2985901511650564,1.0
1.2701543618288351,1.0
1.4525249185767684,1.0
1.3239839939310198,1.0
0.04465207174881192,1.0
1.0147895086388912,1.0
0.05452720597454874,1.0
0.6551341020316084,1.0
1.835906351706528,1.0
2.0427878758114915,1.0
1.2857005963486654,1.0
-0.8950404748496174,1.0
0.9938978727261765,1.0
0.4656461790989458,1.0
1.3307876519051587,1.0
1.7141652290439855,1.0
0.8393591750362049,1.0
1.080306935482307,1.0
0.17953674034675915,1.0
0.29450891623824765,1.0
0.6888788057813038,1.0
1.0468833837939155,1.0
-0.981582435849144,1.0
0.34136661699761356,1.0
1.2034926136760964,1.0
1.4555578194235483,1.0
0.5212380813062066,1.0
0.30316190609478555,1.0
0.17501737001708262,1.0
0.43882042759574946,1.0
1.3030975801447022,1.0
0.5966294076525712,1.0
0.25059843332494736,1.0
0.5295478794172018,1.0
0.5810415714254256,1.0
0.6852874684841276,1.0
0.28893306101374777,1.0
0.19471451887399382,1.0
0.6455228354495152,1.0
0.39348462255854477,1.0
0.26270073069605415,1.0
0.21688476709444182,1.0
0.23938510045222927,1.0
-0.19384905898168697,1.0
0.0643592723171357,1.0
0.4547437065629055,1.0
0.6180863236701823,1.0
0.030189157397551736,1.0
-0.26310125247170185,1.0
-0.191861897325366,1.0
0.8851630405141437,1.0
0.1302812468678626,1.0
0.09802774094370229,1.0
-0.5135666116978371,1.0
0.42306552002257775,1.0
-0.06920116269302755,1.0
-0.1895848311219649,1.0
0.7764742623218659,1.0
-0.7216835798783181,1.0
-0.6986166788361541,1.0
-0.20464331013614165,1.0
0.06881388375502667,1.0
-0.2144899157406782,1.0
-0.01855476795488893,1.0
0.14884643573508738,1.0
0.20748473224871544,1.0
0.23760856688002552,1.0
0.5058921712039743,1.0
0.2681328200955734,1.0
-0.41886926189492835,1.0
-0.13394593358974222,1.0
-0.39651522975411513,1.0
-0.3207766388904667,1.0
0.07449579724891842,1.0
1.0558874804482385,1.0
0.48289578409034195,1.0
-0.08842985974462741,1.0
-0.8954687632928783,1.0
-0.08566412480899216,1.0
-0.5187704506013702,1.0
0.3052476416180374,1.0
-0.3896630962611613,1.0
-0.9796135209044095,1.0
-0.1773245172553094,1.0
-1.255276368617228,1.0
-0.21226589079177632,1.0
0.14673276482612096,1.0
-1.1209104478762937,1.0
-0.9437931407022244,1.0
-0.24962384542774574,1.0
-0.337782975704963,1.0
-0.6951784722441959,1.0
0.5060051138807599,1.0
-0.9947952267002975,1.0
-0.6759373844363478,1.0
-1.725905970278897,1.0
-0.45879834084813464,1.0
-2.0135018207412467,1.0
-0.46590106775469725,1.0
-0.0822688000406917,1.0
-0.8254615617503993,1.0
-0.9844534834514387,1.0
-0.33765729570663894,1.0
-0.7150234328921137,1.0
-0.9283534060811093,1.0
-0.6164405290258144,1.0
-1.052048865192723,1.0
-0.7365593769221203,1.0
-0.08874803326055625,1.0
-1.6654025079945034,1.0
-1.1908717456231768,1.0
-0.5278801119288288,1.0
0.12866964052317742,1.0
-0.6753881856058834,1.0
-0.8147657445833167,1.0
-0.8199161778019731,1.0
-1.1723291891106855,1.0
-0.12593860450906968,1.0
-1.504696214150844,1.0
-0.17357399972007848,1.0
-1.7579703414991874,1.0
-0.8111774072608644,1.0
-1.1195302809908314,1.0
-1.3260472153242069,1.0
-0.6648435857147894,1.0
-1.7533842808603133,1.0
-1.3774191669852849,1.0
-0.771073862380065,1.0
-1.347391069261498,1.0
-1.349963256858071,1.0
0.28793688247024085,1.0
-0.7860054104057094,1.0
-1.48484263402278,1.0
-0.5523427321992869,1.0
-0.741073448785867,1.0
-1.534521260779116,1.0
-1.1466795321574277,1.0
-0.7447161171822922,1.0
-0.6346740007763192,1.0
-0.4206531739743712,1.0
-1.980380424161766,1.0
-0.5744608235386897,1.0
-2.2235113737409113,1.0
-0.1080470918204639,1.0
-0.15471038822151495,1.0
-1.2689680354505943,1.0
-0.10346882581692718,1.0
0.005673129533655397,1.0
-1.9014964680676023,1.0
-0.7971679731948197,1.0
-0.17963380950493313,1.0
-1.565823573972985,1.0
-1.5188378674828145,1.0
-0.3948806383000477,1.0
-0.5105951625300083,1.0
-1.2869067608551104,1.0
-0.9139533972797842,1.0
-0.5786508080586783,1.0
-0.8506362613115843,1.0
-0.6429252607193199,1.0
-0.7646827869369562,1.0
-1.499915376845956,1.0
-0.7251443656945364,1.0
-1.7777581663653512,1.0
-1.8149762548079873,1.0
-0.7895001613332947,1.0
0.06797714282379297,1.0
-0.9892099765640554,1.0
-0.9557680471647141,1.0
-0.6366693222044724,1.0
-0.6365384634137776,1.0
0.24443892620437546,1.0
-1.4334830833842958,1.0
-1.3726123210893837,1.0
0.7057804212838953,1.0
-0.5784842345180625,1.0
-0.32341734012149465,1.0
-0.7585669465081071,1.0
-1.3840309867550395,1.0
-0.8614087011483126,1.0
-1.2128293392462224,1.0
-0.48323228635635246,1.0
-1.3294943078106574,1.0
0.1608668692369033,1.0
-1.0556008391365186,1.0
-0.4106371145749175,1.0
-1.2468917907217794,1.0
-1.2908491050295368,1.0
-0.10252883004283514,1.0
-0.9452389381025279,1.0
-0.529816799623527,1.0
-0.21451382664830496,1.0
-0.05365472861050513,1.0
-0.7423173186216656,1.0
-0.5551908690358867,1.0
-0.27121709396752003,1.0
-0.0026284312344535543,1.0
0.36485499370256164,1.0
-0.2868241097610005,1.0
-0.125507656540886,1.0
-0.5345072175100164,1.0
0.3476446495390917,1.0
-0.7871102536573344,1.0
-1.5851347786796564,1.0
-0.43267215522710767,1.0
1.130335481412728,1.0
-0.5279060547983478,1.0
-1.0348330733115279,1.0
0.2897911823138706,1.0
0.3302082678397008,1.0
-1.2654025244704459,1.0
-0.5459294030921612,1.0
0.37386383912392,1.0
-1.1500636033871197,1.0
-0.45929190676910475,1.0
-0.29939004571443695,1.0
1.167502674285969,1.0
-0.026849256628091824,1.0
-0.4306058604581994,1.0
-0.8087706986210219,1.0
-0.4273416187313773,1.0
-0.021069136727960583,1.0
0.3294759304789968,1.0
0.5501232253145507,1.0
-1.4976661696476805,1.0
0.17317067692720758,1.0
-0.446650969845064,1.0
0.6024197759559835,1.0
-0.501767193413444,1.0
1.4765013722663198,1.0
0.20418095772594624,1.0
-0.02623386202396083,1.0
0.9054953570587959,1.0
0.48453785545324457,1.0
1.070836461707214,1.0
0.8010489587905227,1.0
0.30566999967050207,1.0
0.4509140586954877,1.0
0.6713425904442524,1.0
0.20994766203039988,1.0
0.31945368809096963,1.0
0.6924285795074163,1.0
1.4170280679882636,1.0
1.044371341753572,1.0
0.6564829985322702,1.0
-0.08506221998339858,1.0
1.0506671387638926,1.0
1.2578309891998334,1.0
0.24943851703652964,1.0
1.208642992347135,1.0
0.6568387906447384,1.0
0.6708332985199555,1.0
0.7874230634859685,1.0
0.3991365858354765,1.0
-0.43436044973978816,1.0
0.8053040182878898,1.0
-0.22848318498960485,1.0
0.7744125670893578,1.0
-0.14415401466706046,1.0
0.9172812225932239,1.0
0.17304697821620818,1.0
2.1833542909577743,1.0
0.7026910561771456,1.0
1.06876321111125,1.0
1.076286743991252,1.0
0.5446347155434719,1.0
-0.24549414741576459,1.0
1.6457857332090953,1.0
1.0677421234364923,1.0
2.06731319117882,1.0
0.8853859051251187,1.0
1.3885584842668275,1.0
0.22835351303966012,1.0
0.789109300098063,1.0
0.6079819299271292,1.0
0.7792391840058062,1.0
1.432017336068191,1.0
1.0415803635072556,1.0
1.492990680970538,1.0
0.6326523922973655,1.0
1.5427606425218525,1.0
0.4250642642780993,1.0
0.17921903262500793,1.0
1.5408754963003357,1.0
2.5769615943111774,1.0
0.1012459273726094,1.0
2.361630853611706,1.0
0.6855574130271181,1.0
1.6645072112934254,1.0
0.8895322568689955,1.0
1.5554479453320256,1.0
1.4835976078791577,1.0
1.5188116202894717,1.0
0.5629574035471984,1.0
0.5060814160880299,1.0
0.570939161147245,1.0
0.44624338555150567,1.0
1.6122204800861384,1.0
0.47673670195503925,1.0
1.1275196099215672,1.0
0.9889190542605196,1.0
0.9422494530589774,1.0
-0.20725494577022063,1.0
1.7491782744167301,1.0
0.6132018117418748,1.0
0.8758496591476119,1.0
-0.2613276691525469,1.0
1.7815426827679641,1.0
1.7171176173602614,1.0
0.5097674912050546,1.0
1.767294789854838,1.0
0.8193479474087121,1.0
1.808650073338734,1.0
0.11194462499565372,1.0
0.6034940914030276,1.0
0.7006707540827698,1.0
1.0397396105317231,1.0
0.712917493335108,1.0
0.7565026774921604,1.0
0.6361042226195099,1.0
0.986630227280975,1.0
1.2343229303496628,1.0
1.2830350496013365,1.0
1.4468990297963678,1.0
0.027598749859334415,1.0
1.0243819840347903,1.0
1.0701095611420115,1.0
0.6380522688386119,1.0
-0.3105320927578985,1.0
0.9467680140976539,1.0
